Year,Make,Model,Row
2001,ACURA,CL,36
2003,ACURA,MDX,29
2003,ACURA,MDX,28
2006,ACURA,MDX,30
2003,ACURA,MDX,30
2001,ACURA,MDX,30
2006,ACURA,RL,43
1998,ACURA,RL,36
2007,ACURA,TL,42
2005,ACURA,TL,38
2005,ACURA,TSX,33
2008,AUDI,A4,41
2008,AUDI,A4,36
2001,BMW,3 SERIES,42
2011,BMW,3 SERIES,38
2007,BMW,3 SERIES,36
2010,BMW,3 SERIES,35
2006,BMW,3 SERIES,32
2001,BMW,3 SERIES,38
2010,BMW,3 SERIES,38
2001,BMW,3 SERIES,38
2009,BMW,5 SERIES,43
1997,BMW,5 SERIES,37
2007,BMW,5 SERIES,35
2004,BMW,5 SERIES,34
2006,BMW,5 SERIES,38
2007,BMW,X3,30
2006,BMW,X5,28
2003,BMW,X5,30
2004,BMW,X5,32
1999,BUICK,CENTURY,48
1999,BUICK,CENTURY,48
1996,BUICK,CENTURY,51
2005,BUICK,CENTURY,46
2009,BUICK,ENCLAVE,5
2009,BUICK,ENCLAVE,10
2006,BUICK,LACROSSE,51
2007,BUICK,LACROSSE,46
2005,BUICK,LESABRE,48
2005,BUICK,LESABRE,48
2005,BUICK,LESABRE,48
2004,BUICK,LESABRE,44
2000,BUICK,LESABRE,44
2000,BUICK,LESABRE,44
2006,BUICK,LUCERNE,44
2007,BUICK,LUCERNE,44
2008,BUICK,LUCERNE,50
2006,BUICK,LUCERNE,49
1991,BUICK,PARK AVENUE,44
1991,BUICK,PARK AVENUE,46
2000,BUICK,REGAL,48
2004,BUICK,RENDEZVOUS,9
1989,BUICK,RIVIERA,46
1998,BUICK,SKYLARK,51
1956,BUICK,SUPER,63
2012,BUICK,VERANO,48
2008,CADILLAC,CTS,51
1977,CADILLAC,DEVILLE,63
1992,CADILLAC,DEVILLE,44
2002,CADILLAC,DEVILLE,46
1995,CADILLAC,DEVILLE,46
2005,CADILLAC,DEVILLE,50
1995,CADILLAC,DEVILLE,46
2006,CADILLAC,DTS,48
2009,CADILLAC,DTS,50
2008,CADILLAC,DTS,50
1982,CADILLAC,ELDORADO,44
1987,CADILLAC,ELDORADO,49
1994,CADILLAC,ELDORADO,46
2004,CADILLAC,ESCALADE ESV,9
2000,CADILLAC,SEVILLE,48
2003,CADILLAC,SEVILLE,46
2007,CADILLAC,SRX,1
2007,CADILLAC,SRX,1
2006,CADILLAC,STS,46
2005,CADILLAC,STS,51
1998,CHEVROLET,1500,2
1995,CHEVROLET,1500,2
1997,CHEVROLET,1500,5
1995,CHEVROLET,1500,3
1996,CHEVROLET,1500,3
1992,CHEVROLET,1500,11
1995,CHEVROLET,1500,10
1991,CHEVROLET,1500,1
1994,CHEVROLET,2500,3
1997,CHEVROLET,2500,1
1993,CHEVROLET,3500,10
2002,CHEVROLET,ASTRO,3
1996,CHEVROLET,ASTRO,3
2002,CHEVROLET,AVALANCHE,2
2002,CHEVROLET,AVALANCHE,9
2008,CHEVROLET,AVEO,48
2011,CHEVROLET,AVEO,48
2005,CHEVROLET,AVEO,50
2011,CHEVROLET,AVEO,44
2006,CHEVROLET,AVEO,46
2005,CHEVROLET,AVEO,46
2008,CHEVROLET,AVEO5,48
2008,CHEVROLET,AVEO5,51
2000,CHEVROLET,BLAZER,2
1999,CHEVROLET,BLAZER,7
2000,CHEVROLET,BLAZER,7
1984,CHEVROLET,BLAZER,12
1995,CHEVROLET,BLAZER,1
1996,CHEVROLET,BLAZER,6
1997,CHEVROLET,BLAZER,8
1995,CHEVROLET,CAMARO,48
1991,CHEVROLET,CAPRICE CLASSIC,44
2014,CHEVROLET,CAPTIVA SPORT,9
2000,CHEVROLET,CAVALIER,48
2000,CHEVROLET,CAVALIER,44
2003,CHEVROLET,CAVALIER,51
2001,CHEVROLET,CAVALIER,51
2003,CHEVROLET,CAVALIER,50
1998,CHEVROLET,CAVALIER,49
2003,CHEVROLET,CAVALIER,49
1984,CHEVROLET,CELEBRITY,44
2005,CHEVROLET,CLASSIC,51
2006,CHEVROLET,COBALT,44
2007,CHEVROLET,COBALT,44
2009,CHEVROLET,COBALT,44
2007,CHEVROLET,COBALT,46
2008,CHEVROLET,COBALT,46
2008,CHEVROLET,COBALT,50
2005,CHEVROLET,COBALT,50
2008,CHEVROLET,COLORADO,7
2013,CHEVROLET,CRUZE,48
2013,CHEVROLET,CRUZE,48
2013,CHEVROLET,CRUZE,44
2013,CHEVROLET,CRUZE,44
2016,CHEVROLET,CRUZE,50
2014,CHEVROLET,CRUZE,46
2012,CHEVROLET,CRUZE,46
2012,CHEVROLET,CRUZE,51
2011,CHEVROLET,CRUZE,50
2010,CHEVROLET,EQUINOX,6
2006,CHEVROLET,EQUINOX,2
2005,CHEVROLET,EQUINOX,3
2014,CHEVROLET,EQUINOX,11
2015,CHEVROLET,EQUINOX,12
2005,CHEVROLET,EQUINOX,12
2010,CHEVROLET,EQUINOX,12
1990,CHEVROLET,G20,11
1993,CHEVROLET,G20,5
2006,CHEVROLET,HHR,48
2006,CHEVROLET,HHR,48
2008,CHEVROLET,HHR,44
2005,CHEVROLET,HHR,46
2006,CHEVROLET,HHR,51
2008,CHEVROLET,IMPALA,48
2003,CHEVROLET,IMPALA,48
2002,CHEVROLET,IMPALA,44
2006,CHEVROLET,IMPALA,50
2010,CHEVROLET,IMPALA,50
2008,CHEVROLET,IMPALA,46
2007,CHEVROLET,IMPALA,46
2007,CHEVROLET,IMPALA,46
2010,CHEVROLET,IMPALA,51
2011,CHEVROLET,IMPALA,50
2009,CHEVROLET,IMPALA,50
2005,CHEVROLET,IMPALA,49
2003,CHEVROLET,IMPALA,50
1999,CHEVROLET,LUMINA,44
1999,CHEVROLET,LUMINA,51
2012,CHEVROLET,MALIBU,48
2008,CHEVROLET,MALIBU,44
2004,CHEVROLET,MALIBU,44
2014,CHEVROLET,MALIBU,44
2009,CHEVROLET,MALIBU,48
2005,CHEVROLET,MALIBU,44
2009,CHEVROLET,MALIBU,44
2012,CHEVROLET,MALIBU,44
1998,CHEVROLET,MALIBU,46
2000,CHEVROLET,MALIBU,46
2002,CHEVROLET,MALIBU,51
2004,CHEVROLET,MALIBU,50
2007,CHEVROLET,MALIBU,50
2011,CHEVROLET,MALIBU,50
2006,CHEVROLET,MALIBU,50
2011,CHEVROLET,MALIBU,49
2012,CHEVROLET,MALIBU,49
2001,CHEVROLET,MALIBU,49
2005,CHEVROLET,MALIBU,50
2010,CHEVROLET,MALIBU,49
1998,CHEVROLET,MALIBU,49
2005,CHEVROLET,MALIBU MAXX,51
1998,CHEVROLET,METRO,51
2005,CHEVROLET,MONTE CARLO,48
2003,CHEVROLET,MONTE CARLO,51
2002,CHEVROLET,MONTE CARLO,50
2006,CHEVROLET,MONTE CARLO,49
1999,CHEVROLET,PRIZM,48
1996,CHEVROLET,S10 PU,2
1997,CHEVROLET,S10 PU,9
1999,CHEVROLET,S10 PU,12
2000,CHEVROLET,S10 PU,6
1999,CHEVROLET,SILVERADO 1500,10
1994,CHEVROLET,SUBURBAN,5
1996,CHEVROLET,SUBURBAN,3
2007,CHEVROLET,SUBURBAN,3
2004,CHEVROLET,SUBURBAN,3
1999,CHEVROLET,SUBURBAN,8
2002,CHEVROLET,SUBURBAN,9
2000,CHEVROLET,SUBURBAN,1
1999,CHEVROLET,SUBURBAN,6
2007,CHEVROLET,SUBURBAN,6
2003,CHEVROLET,TAHOE,2
2000,CHEVROLET,TAHOE,10
2000,CHEVROLET,TAHOE,11
1999,CHEVROLET,TAHOE,10
2001,CHEVROLET,TAHOE,12
2001,CHEVROLET,TAHOE,12
2003,CHEVROLET,TAHOE,6
2003,CHEVROLET,TAHOE,1
2008,CHEVROLET,TAHOE,4
2004,CHEVROLET,TRACKER,6
2003,CHEVROLET,TRACKER,10
2004,CHEVROLET,TRACKER,8
2003,CHEVROLET,TRAILBLAZER,5
2005,CHEVROLET,TRAILBLAZER,7
2005,CHEVROLET,TRAILBLAZER,6
2006,CHEVROLET,TRAILBLAZER,1
2002,CHEVROLET,TRAILBLAZER EXT,1
2012,CHEVROLET,TRAVERSE,2
2011,CHEVROLET,TRAVERSE,12
2010,CHEVROLET,TRAVERSE,11
2012,CHEVROLET,TRAVERSE,11
2012,CHEVROLET,TRAVERSE,8
2011,CHEVROLET,TRAVERSE,1
2006,CHEVROLET,UPLANDER,7
2008,CHEVROLET,UPLANDER,11
2006,CHEVROLET,UPLANDER,12
2004,CHEVROLET,VENTURE,12
2003,CHEVROLET,VENTURE,7
2015,CHRYSLER,200,58
2012,CHRYSLER,200,58
2013,CHRYSLER,200,60
2011,CHRYSLER,200,61
2015,CHRYSLER,200,59
2012,CHRYSLER,200,61
2011,CHRYSLER,200,61
2014,CHRYSLER,200,59
2007,CHRYSLER,300,58
2008,CHRYSLER,300,60
2010,CHRYSLER,300,62
2005,CHRYSLER,300,61
2006,CHRYSLER,300,61
2005,CHRYSLER,300,59
2006,CHRYSLER,300C,58
2006,CHRYSLER,300C,61
2013,CHRYSLER,300C,59
2000,CHRYSLER,300M,60
2003,CHRYSLER,300M,60
1996,CHRYSLER,CONCORDE,61
1999,CHRYSLER,LHS,62
2004,CHRYSLER,PACIFICA,25
2004,CHRYSLER,PT CRUISER,60
2002,CHRYSLER,PT CRUISER,62
2006,CHRYSLER,PT CRUISER,62
2004,CHRYSLER,PT CRUISER,62
2004,CHRYSLER,PT CRUISER,62
2003,CHRYSLER,PT CRUISER,62
2006,CHRYSLER,PT CRUISER,62
2008,CHRYSLER,PT CRUISER,61
2002,CHRYSLER,PT CRUISER,59
2002,CHRYSLER,PT CRUISER,61
2002,CHRYSLER,PT CRUISER,59
2007,CHRYSLER,SEBRING,58
2002,CHRYSLER,SEBRING,58
2008,CHRYSLER,SEBRING,60
2006,CHRYSLER,SEBRING,60
2004,CHRYSLER,SEBRING,62
2004,CHRYSLER,SEBRING,61
2004,CHRYSLER,SEBRING,61
2007,CHRYSLER,SEBRING,59
2008,CHRYSLER,TOWN & COUNTRY,24
2012,CHRYSLER,TOWN & COUNTRY,26
2013,CHRYSLER,TOWN & COUNTRY,26
2006,CHRYSLER,TOWN & COUNTRY,26
2010,CHRYSLER,TOWN & COUNTRY,26
1999,CHRYSLER,TOWN & COUNTRY,26
2010,CHRYSLER,TOWN & COUNTRY,25
2008,CHRYSLER,TOWN & COUNTRY,25
2006,CHRYSLER,TOWN & COUNTRY,25
2014,CHRYSLER,TOWN & COUNTRY,27
2005,CHRYSLER,TOWN & COUNTRY,27
1989,DODGE,ARIES,59
2010,DODGE,AVENGER,58
2011,DODGE,AVENGER,60
2011,DODGE,AVENGER,60
2012,DODGE,AVENGER,60
2008,DODGE,AVENGER,60
2013,DODGE,AVENGER,61
2010,DODGE,AVENGER,61
2009,DODGE,AVENGER,59
2007,DODGE,CALIBER,60
2007,DODGE,CALIBER,60
2007,DODGE,CALIBER,62
2008,DODGE,CALIBER,62
2010,DODGE,CALIBER,62
2007,DODGE,CALIBER,62
2014,DODGE,CHARGER,58
2007,DODGE,CHARGER,58
2007,DODGE,CHARGER,60
2011,DODGE,CHARGER,62
2007,DODGE,CHARGER,59
1989,DODGE,COLT,58
1972,DODGE,D200,26
1980,DODGE,D50,23
1996,DODGE,DAKOTA,26
1996,DODGE,DAKOTA,24
2005,DODGE,DAKOTA,24
1992,DODGE,DAKOTA,24
2002,DODGE,DAKOTA,24
2001,DODGE,DAKOTA,26
1987,DODGE,DAKOTA,26
2003,DODGE,DAKOTA,26
1995,DODGE,DAKOTA,27
1997,DODGE,DAKOTA,27
2015,DODGE,DART,60
2015,DODGE,DART,60
2015,DODGE,DART,60
2014,DODGE,DART,61
2000,DODGE,DURANGO,24
1998,DODGE,DURANGO,24
2001,DODGE,DURANGO,26
2003,DODGE,DURANGO,26
2007,DODGE,DURANGO,26
2004,DODGE,DURANGO,26
1999,DODGE,DURANGO,26
2002,DODGE,DURANGO,27
1998,DODGE,GRAND CARAVAN,27
2000,DODGE,GRAND CARAVAN,23
2005,DODGE,GRAND CARAVAN,24
2002,DODGE,GRAND CARAVAN,24
2002,DODGE,GRAND CARAVAN,24
2002,DODGE,GRAND CARAVAN,23
2003,DODGE,GRAND CARAVAN,23
2010,DODGE,GRAND CARAVAN,23
2001,DODGE,GRAND CARAVAN,23
2004,DODGE,GRAND CARAVAN,23
2005,DODGE,GRAND CARAVAN,26
2011,DODGE,GRAND CARAVAN,26
2002,DODGE,GRAND CARAVAN,26
2002,DODGE,GRAND CARAVAN,26
2005,DODGE,GRAND CARAVAN,27
2012,DODGE,GRAND CARAVAN,26
2005,DODGE,GRAND CARAVAN,26
2005,DODGE,GRAND CARAVAN,26
2000,DODGE,GRAND CARAVAN,26
2003,DODGE,GRAND CARAVAN,25
2008,DODGE,GRAND CARAVAN,27
2001,DODGE,GRAND CARAVAN,27
2012,DODGE,GRAND CARAVAN,27
1994,DODGE,INTREPID,59
2004,DODGE,INTREPID,61
2017,DODGE,JOURNEY,26
2013,DODGE,JOURNEY,27
2006,DODGE,MAGNUM,62
2007,DODGE,MAGNUM,59
2003,DODGE,NEON,58
2005,DODGE,NEON,60
2005,DODGE,NEON,60
2003,DODGE,NEON,62
2005,DODGE,NEON,59
2002,DODGE,NEON,61
2000,DODGE,NEON,61
2001,DODGE,NEON,59
2007,DODGE,NITRO,26
2004,DODGE,RAM 1500,24
1999,DODGE,RAM 1500,26
1994,DODGE,RAM 1500,24
2002,DODGE,RAM 1500,26
1998,DODGE,RAM 1500,26
2008,DODGE,RAM 1500,26
1996,DODGE,RAM 1500,26
1998,DODGE,RAM 1500,27
1997,DODGE,RAM 1500,25
2000,DODGE,RAM 1500,27
1994,DODGE,SPIRIT,28
1979,DODGE,SPORTSMAN VAN,24
1975,DODGE,SPORTSMAN VAN,26
2001,DODGE,STRATUS,58
2004,DODGE,STRATUS,62
2005,DODGE,STRATUS,60
2001,DODGE,STRATUS,62
1996,DODGE,STRATUS,61
2006,DODGE,STRATUS,59
2001,DODGE,STRATUS,59
1974,DODGE,VAN,26
1997,EAGLE,TALON,36
1995,FORD,AEROSTAR,14
1997,FORD,ASPIRE,57
2014,FORD,C-MAX ENERGI,55
2004,FORD,ECONOLINE,19
2020,FORD,ECOSPORT,57
2010,FORD,EDGE,15
2013,FORD,EDGE,21
2007,FORD,EDGE,16
2008,FORD,ESCAPE,20
2006,FORD,ESCAPE,14
2003,FORD,ESCAPE,14
2008,FORD,ESCAPE,14
2011,FORD,ESCAPE,14
2009,FORD,ESCAPE,18
2004,FORD,ESCAPE,15
2009,FORD,ESCAPE,16
2005,FORD,ESCAPE,21
2006,FORD,ESCAPE,16
2002,FORD,ESCAPE,20
2004,FORD,ESCAPE,20
1998,FORD,ESCORT,52
1992,FORD,ESCORT,52
2002,FORD,ESCORT,52
2000,FORD,ESCORT,52
1987,FORD,ESCORT,53
2001,FORD,EXCURSION,20
1999,FORD,EXPEDITION,16
2000,FORD,EXPEDITION,14
1997,FORD,EXPEDITION,17
1997,FORD,EXPEDITION,19
2003,FORD,EXPLORER,13
1999,FORD,EXPLORER,17
2001,FORD,EXPLORER,14
1997,FORD,EXPLORER,19
1998,FORD,EXPLORER,17
1992,FORD,EXPLORER,19
2003,FORD,EXPLORER,13
2004,FORD,EXPLORER,20
1995,FORD,EXPLORER,16
2005,FORD,EXPLORER,18
2005,FORD,EXPLORER,16
1994,FORD,EXPLORER,20
2002,FORD,EXPLORER SPORT,18
2002,FORD,EXPLORER SPORT TRAC,13
2002,FORD,EXPLORER SPORT TRAC,16
2004,FORD,EXPLORER SPORT TRAC,16
2001,FORD,F150,14
2001,FORD,F150,17
1997,FORD,F150,19
1994,FORD,F150,17
2003,FORD,F150,13
1997,FORD,F150,21
2008,FORD,F150,15
1998,FORD,F150,18
1989,FORD,F150,13
2002,FORD,F150,15
2006,FORD,F150,18
2007,FORD,F150,18
2000,FORD,F150,20
2003,FORD,F150,20
2004,FORD,F150,16
1992,FORD,F150,20
1991,FORD,F150,20
1997,FORD,F250,13
1999,FORD,F250,17
2000,FORD,F250,20
1990,FORD,F250,18
1987,FORD,F250,15
1986,FORD,F250,16
1999,FORD,F350,21
1989,FORD,FESTIVA,57
1978,FORD,FIESTA,63
2012,FORD,FIESTA,56
2012,FORD,FIESTA,55
2016,FORD,FIESTA,53
2013,FORD,FIESTA,54
2005,FORD,FIVE HUNDRED,56
2006,FORD,FIVE HUNDRED,53
2007,FORD,FIVE HUNDRED,53
2006,FORD,FIVE HUNDRED,53
2005,FORD,FIVE HUNDRED,54
2012,FORD,FOCUS,57
2014,FORD,FOCUS,56
2003,FORD,FOCUS,56
2012,FORD,FOCUS,56
2007,FORD,FOCUS,56
2005,FORD,FOCUS,56
2007,FORD,FOCUS,56
2005,FORD,FOCUS,57
2008,FORD,FOCUS,57
2010,FORD,FOCUS,57
2011,FORD,FOCUS,56
2016,FORD,FOCUS,56
2005,FORD,FOCUS,57
2005,FORD,FOCUS,57
2003,FORD,FOCUS,57
2007,FORD,FOCUS,57
2005,FORD,FOCUS,57
2013,FORD,FOCUS,52
2013,FORD,FOCUS,57
2005,FORD,FOCUS,52
2005,FORD,FOCUS,52
2001,FORD,FOCUS,52
2007,FORD,FOCUS,52
2018,FORD,FOCUS,52
2013,FORD,FOCUS,52
2013,FORD,FOCUS,53
2001,FORD,FOCUS,52
2015,FORD,FOCUS,55
2014,FORD,FOCUS,53
2012,FORD,FOCUS,55
2000,FORD,FOCUS,53
2005,FORD,FOCUS,53
2007,FORD,FOCUS,55
2007,FORD,FOCUS,53
2002,FORD,FOCUS,55
2006,FORD,FOCUS,55
2010,FORD,FOCUS,55
2010,FORD,FOCUS,55
2014,FORD,FOCUS,54
2009,FORD,FOCUS,55
2012,FORD,FOCUS,54
2006,FORD,FOCUS,54
2002,FORD,FOCUS,54
2012,FORD,FOCUS,54
2004,FORD,FREESTAR,14
2004,FORD,FREESTAR,19
2007,FORD,FREESTAR,13
2005,FORD,FREESTAR,15
2006,FORD,FREESTYLE,19
2005,FORD,FREESTYLE,19
2015,FORD,FUSION,56
2011,FORD,FUSION,56
2014,FORD,FUSION,56
2010,FORD,FUSION,56
2011,FORD,FUSION,56
2010,FORD,FUSION,57
2012,FORD,FUSION,57
2016,FORD,FUSION,52
2010,FORD,FUSION,52
2010,FORD,FUSION,52
2009,FORD,FUSION,52
2013,FORD,FUSION,52
2013,FORD,FUSION,52
2014,FORD,FUSION,53
2012,FORD,FUSION,55
2010,FORD,FUSION,53
2007,FORD,FUSION,53
2012,FORD,FUSION,53
2010,FORD,FUSION,55
2012,FORD,FUSION,55
2012,FORD,FUSION,54
2008,FORD,FUSION,54
2010,FORD,FUSION HYBRID,54
1977,FORD,GRANADA,63
2003,FORD,MUSTANG,57
1999,FORD,MUSTANG,52
2007,FORD,MUSTANG,52
2006,FORD,MUSTANG,53
2004,FORD,MUSTANG,54
2000,FORD,RANGER,21
1990,FORD,RANGER,18
1998,FORD,RANGER,14
2008,FORD,RANGER,17
1998,FORD,RANGER,19
1998,FORD,RANGER,13
1999,FORD,RANGER,18
1998,FORD,RANGER,18
1995,FORD,RANGER,15
1987,FORD,RANGER,18
1995,FORD,RANGER,16
2014,FORD,TAURUS,56
2008,FORD,TAURUS,56
2004,FORD,TAURUS,56
2006,FORD,TAURUS,52
1998,FORD,TAURUS,52
1996,FORD,TAURUS,52
1998,FORD,TAURUS,52
1997,FORD,TAURUS,53
1999,FORD,TAURUS,52
1997,FORD,TAURUS,52
2000,FORD,TAURUS,53
2013,FORD,TAURUS,55
1998,FORD,TAURUS,55
2012,FORD,TAURUS,55
1996,FORD,TAURUS,55
2008,FORD,TAURUS,54
1999,FORD,TAURUS,54
1995,FORD,WINDSTAR,14
2001,FORD,WINDSTAR,14
2000,FORD,WINDSTAR,13
2003,FORD,WINDSTAR,17
2003,FORD,WINDSTAR,15
2000,FORD,WINDSTAR,15
2003,FORD,WINDSTAR,16
2008,GMC,ACADIA,2
2012,GMC,ACADIA,9
2009,GMC,ACADIA,8
2008,GMC,ACADIA,8
2008,GMC,CANYON,4
2002,GMC,ENVOY,10
2007,GMC,ENVOY,8
2003,GMC,ENVOY,8
2003,GMC,ENVOY,6
1991,GMC,G2500,5
1995,GMC,JIMMY,12
1997,GMC,JIMMY,11
1997,GMC,SAFARI,7
2000,GMC,SAFARI,5
1990,GMC,SIERRA,5
2009,GMC,SIERRA,3
1996,GMC,SIERRA,6
2005,GMC,SIERRA,8
2000,GMC,SIERRA,1
1997,GMC,SONOMA,8
1997,GMC,SUBURBAN,10
2013,GMC,TERRAIN,10
1998,GMC,YUKON,2
2000,GMC,YUKON,2
2008,GMC,YUKON,7
2003,GMC,YUKON,3
1995,GMC,YUKON,9
2003,GMC,YUKON,1
2002,GMC,YUKON XL,6
2005,HONDA,ACCORD,41
1990,HONDA,ACCORD,43
2007,HONDA,ACCORD,34
2001,HONDA,ACCORD,43
1991,HONDA,ACCORD,45
2008,HONDA,ACCORD,41
2000,HONDA,ACCORD,45
1998,HONDA,ACCORD,34
1995,HONDA,ACCORD,41
2010,HONDA,ACCORD,43
2003,HONDA,ACCORD,34
2003,HONDA,ACCORD,32
2002,HONDA,ACCORD,38
2003,HONDA,ACCORD,41
2007,HONDA,ACCORD,37
1994,HONDA,ACCORD,41
2000,HONDA,ACCORD,37
2008,HONDA,ACCORD,35
1998,HONDA,ACCORD,35
2007,HONDA,ACCORD,32
2002,HONDA,ACCORD,37
2004,HONDA,ACCORD,37
1997,HONDA,ACCORD,32
1995,HONDA,ACCORD,35
1998,HONDA,ACCORD,33
1997,HONDA,ACCORD,32
2001,HONDA,ACCORD,33
2007,HONDA,ACCORD,32
2005,HONDA,ACCORD,32
2000,HONDA,ACCORD,34
1998,HONDA,ACCORD,34
1999,HONDA,ACCORD,34
2000,HONDA,ACCORD,36
1997,HONDA,ACCORD,34
2003,HONDA,ACCORD,36
1999,HONDA,ACCORD,38
2015,HONDA,ACCORD,38
1999,HONDA,ACCORD,40
2006,HONDA,CIVIC,42
2008,HONDA,CIVIC,43
1996,HONDA,CIVIC,42
2002,HONDA,CIVIC,40
2001,HONDA,CIVIC,45
2002,HONDA,CIVIC,45
1998,HONDA,CIVIC,43
2004,HONDA,CIVIC,35
1998,HONDA,CIVIC,35
2006,HONDA,CIVIC,35
2004,HONDA,CIVIC,33
2008,HONDA,CIVIC,32
2003,HONDA,CIVIC,34
2002,HONDA,CIVIC,34
2003,HONDA,CIVIC,34
2007,HONDA,CIVIC,34
1996,HONDA,CIVIC,34
1998,HONDA,CIVIC,34
2002,HONDA,CIVIC,38
2003,HONDA,CIVIC,36
2005,HONDA,CIVIC,38
1992,HONDA,CIVIC,38
1995,HONDA,CIVIC DEL SOL,33
2006,HONDA,CR-V,29
2001,HONDA,CR-V,31
1998,HONDA,CR-V,28
2001,HONDA,CR-V,28
2004,HONDA,CR-V,28
2002,HONDA,CR-V,30
2007,HONDA,CR-V,30
2007,HONDA,FIT,32
2011,HONDA,ODYSSEY,29
2003,HONDA,ODYSSEY,29
2008,HONDA,ODYSSEY,31
2002,HONDA,ODYSSEY,31
2004,HONDA,ODYSSEY,31
2008,HONDA,ODYSSEY,28
1997,HONDA,PASSPORT,29
2005,HONDA,PILOT,28
2007,HONDA,RIDGELINE,29
1999,HYUNDAI,ACCENT,42
2008,HYUNDAI,ACCENT,42
2009,HYUNDAI,ACCENT,41
2014,HYUNDAI,ACCENT,32
2001,HYUNDAI,ACCENT,32
2012,HYUNDAI,ACCENT,34
2003,HYUNDAI,ELANTRA,45
2008,HYUNDAI,ELANTRA,42
2009,HYUNDAI,ELANTRA,39
2003,HYUNDAI,ELANTRA,35
2002,HYUNDAI,ELANTRA,38
2013,HYUNDAI,ELANTRA,38
2018,HYUNDAI,ELANTRA,40
2002,HYUNDAI,ELANTRA,38
2003,HYUNDAI,SANTA FE,31
2007,HYUNDAI,SANTA FE,28
2007,HYUNDAI,SANTA FE,31
2007,HYUNDAI,SANTA FE,30
2011,HYUNDAI,SONATA,43
2010,HYUNDAI,SONATA,42
2017,HYUNDAI,SONATA,42
2004,HYUNDAI,SONATA,45
2007,HYUNDAI,SONATA,32
2006,HYUNDAI,SONATA,41
2008,HYUNDAI,SONATA,38
2013,HYUNDAI,SONATA,36
2017,HYUNDAI,SONATA,35
2016,HYUNDAI,SONATA,35
2007,HYUNDAI,SONATA,37
2011,HYUNDAI,SONATA,35
2006,HYUNDAI,SONATA,36
2006,HYUNDAI,SONATA,40
2001,HYUNDAI,TIBURON,34
2006,HYUNDAI,TUCSON,28
2013,HYUNDAI,VELOSTER,45
2009,HYUNDAI,VERACRUZ,28
2005,HYUNDAI,XG350,39
2004,INFINITI,G35,41
2001,INFINITI,I30,34
2002,INFINITI,I35,32
2008,INFINITI,QX56,29
2005,INFINITI,QX56,31
1995,ISUZU,RODEO,31
2002,ISUZU,RODEO,28
1993,ISUZU,RODEO,28
1998,ISUZU,RODEO,28
1999,ISUZU,TROOPER,28
1985,JAGUAR,XJ6,39
2004,JAGUAR,X-TYPE,34
2018,JEEP,CHEROKEE,24
1990,JEEP,CHEROKEE,23
2006,JEEP,COMMANDER,26
2010,JEEP,COMPASS,25
2006,JEEP,GRAND CHEROKEE,24
2006,JEEP,GRAND CHEROKEE,26
1995,JEEP,GRAND CHEROKEE,24
2001,JEEP,GRAND CHEROKEE,24
1994,JEEP,GRAND CHEROKEE,23
2003,JEEP,GRAND CHEROKEE,26
1999,JEEP,GRAND CHEROKEE,26
2000,JEEP,GRAND CHEROKEE,26
1998,JEEP,GRAND CHEROKEE,26
1996,JEEP,GRAND CHEROKEE,26
2000,JEEP,GRAND CHEROKEE,25
2007,JEEP,GRAND CHEROKEE,25
1998,JEEP,GRAND CHEROKEE,27
2001,JEEP,GRAND CHEROKEE,27
2005,JEEP,LIBERTY,24
2002,JEEP,LIBERTY,24
2003,JEEP,LIBERTY,24
2002,JEEP,LIBERTY,23
2003,JEEP,LIBERTY,26
2009,JEEP,LIBERTY,26
2004,JEEP,LIBERTY,26
2014,KIA,FORTE,42
2017,KIA,FORTE,32
2015,KIA,OPTIMA,42
2006,KIA,OPTIMA,42
2009,KIA,OPTIMA,43
2011,KIA,OPTIMA,36
2004,KIA,OPTIMA,35
2015,KIA,RIO,45
2008,KIA,RIO,39
2013,KIA,RIO,32
2013,KIA,RIO,34
2006,KIA,RIO,38
2004,KIA,RIO,38
2006,KIA,RIO5,34
2009,KIA,RIO5,36
2003,KIA,SEDONA,28
2016,KIA,SOUL,35
2016,KIA,SOUL,31
2004,KIA,SPECTRA,42
2008,KIA,SPECTRA,43
2008,KIA,SPECTRA,45
2006,KIA,SPECTRA,36
2010,KIA,SPORTAGE,28
1996,KIA,SPORTAGE,28
2005,LAND ROVER,LR3,28
2003,LAND ROVER,RANGE ROVER,28
1997,LEXUS,ES 300,39
2002,LEXUS,ES 300,37
2001,LEXUS,ES 300,32
2003,LEXUS,ES 300,32
2007,LEXUS,IS 250,34
2001,LEXUS,IS 300,42
2002,LEXUS,LS 430,36
2001,LEXUS,RX 300,28
1992,LINCOLN,CONTINENTAL,52
1993,LINCOLN,MARK VIII,53
2007,LINCOLN,MKZ,52
2001,LINCOLN,TOWN CAR,56
2004,LINCOLN,TOWN CAR,53
1999,MAZDA,626,42
2000,MAZDA,626,34
1999,MAZDA,B-SERIES,28
1994,MAZDA,B-SERIES,30
2008,MAZDA,MAZDA3,32
2009,MAZDA,MAZDA3,34
2006,MAZDA,MAZDA3,32
2008,MAZDA,MAZDA3,34
2010,MAZDA,MAZDA3,36
2006,MAZDA,MAZDA6,42
2005,MAZDA,MAZDA6,40
2003,MAZDA,MAZDA6,42
2008,MAZDA,MAZDA6,32
2008,MAZDA,MAZDASPEED3,42
1989,MAZDA,MPV,29
2003,MAZDA,PROTEGE,40
2000,MAZDA,PROTEGE,32
2002,MAZDA,PROTEGE5,39
2002,MAZDA,PROTEGE5,39
2001,MAZDA,TRIBUTE,29
2006,MAZDA,TRIBUTE,28
2002,MAZDA,TRIBUTE,31
2002,MAZDA,TRIBUTE,28
1980,MERCEDES-BENZ,190,63
1975,MERCEDES-BENZ,280,63
1975,MERCEDES-BENZ,300,63
1977,MERCEDES-BENZ,450,63
2007,MERCEDES-BENZ,C-CLASS,32
2004,MERCEDES-BENZ,E-CLASS,45
2008,MERCEDES-BENZ,E-CLASS,45
2000,MERCEDES-BENZ,E-CLASS,39
2000,MERCEDES-BENZ,M-CLASS,28
2005,MERCEDES-BENZ,M-CLASS,28
2006,MERCEDES-BENZ,R-CLASS,31
2007,MERCEDES-BENZ,R-CLASS,30
2003,MERCEDES-BENZ,S-CLASS,38
2002,MERCURY,GRAND MARQUIS,56
1997,MERCURY,GRAND MARQUIS,56
2000,MERCURY,GRAND MARQUIS,56
2001,MERCURY,GRAND MARQUIS,57
1993,MERCURY,GRAND MARQUIS,52
2003,MERCURY,GRAND MARQUIS,52
1987,MERCURY,LYNX,57
2000,MERCURY,MOUNTAINEER,17
2003,MERCURY,MOUNTAINEER,21
2002,MERCURY,MOUNTAINEER,21
2002,MERCURY,MOUNTAINEER,18
1995,MERCURY,MYSTIQUE,56
1999,MERCURY,MYSTIQUE,52
1995,MERCURY,MYSTIQUE,55
1998,MERCURY,SABLE,56
2000,MERCURY,SABLE,55
1997,MERCURY,SABLE,54
1993,MERCURY,TRACER,54
2009,MINI,COOPER,37
2004,MITSUBISHI,ECLIPSE,45
2004,MITSUBISHI,ECLIPSE,41
2007,MITSUBISHI,ECLIPSE SPYDER,33
2004,MITSUBISHI,GALANT,40
2011,MITSUBISHI,GALANT,32
2006,MITSUBISHI,LANCER,32
2002,MITSUBISHI,LANCER,36
2005,MITSUBISHI,LANCER,39
2002,MITSUBISHI,LANCER,35
2001,MITSUBISHI,MONTERO SPORT,28
2003,MITSUBISHI,OUTLANDER,30
1986,NISSAN,200SX,41
2005,NISSAN,ALTIMA,45
2006,NISSAN,ALTIMA,40
2013,NISSAN,ALTIMA,42
1997,NISSAN,ALTIMA,42
2008,NISSAN,ALTIMA,36
2010,NISSAN,ALTIMA,32
2006,NISSAN,ALTIMA,37
2011,NISSAN,ALTIMA,37
2010,NISSAN,ALTIMA,35
2013,NISSAN,ALTIMA,33
2010,NISSAN,ALTIMA,33
2009,NISSAN,ALTIMA,32
2002,NISSAN,ALTIMA,32
2005,NISSAN,ALTIMA,36
2008,NISSAN,ALTIMA,34
2005,NISSAN,ALTIMA,34
2006,NISSAN,ALTIMA,36
2006,NISSAN,ALTIMA,36
2005,NISSAN,ALTIMA,36
2011,NISSAN,ALTIMA,38
2004,NISSAN,ARMADA,28
2002,NISSAN,MAXIMA,37
2003,NISSAN,MAXIMA,43
2001,NISSAN,MAXIMA,45
2007,NISSAN,MAXIMA,41
2000,NISSAN,MAXIMA,33
2006,NISSAN,MAXIMA,36
2011,NISSAN,MAXIMA,34
2004,NISSAN,MURANO,29
1995,NISSAN,PATHFINDER,28
2014,NISSAN,PATHFINDER,31
1995,NISSAN,PATHFINDER,28
1998,NISSAN,PATHFINDER,28
1995,NISSAN,PATHFINDER,30
1995,NISSAN,PICKUP,28
1993,NISSAN,PICKUP,30
2006,NISSAN,QUEST,29
2005,NISSAN,QUEST,31
2011,NISSAN,ROGUE,40
2008,NISSAN,ROGUE,29
2012,NISSAN,ROGUE,31
2009,NISSAN,ROGUE,28
2006,NISSAN,SENTRA,45
2010,NISSAN,SENTRA,41
1994,NISSAN,SENTRA,41
2012,NISSAN,SENTRA,33
2012,NISSAN,SENTRA,33
2010,NISSAN,SENTRA,38
2007,NISSAN,VERSA,32
2012,NISSAN,VERSA,32
2007,NISSAN,VERSA,32
2009,NISSAN,VERSA,36
2004,NISSAN,XTERRA,29
2001,NISSAN,XTERRA,30
1999,OLDSMOBILE,ALERO,48
2004,OLDSMOBILE,ALERO,44
2002,OLDSMOBILE,ALERO,48
2004,OLDSMOBILE,ALERO,44
2001,OLDSMOBILE,ALERO,46
1995,OLDSMOBILE,CUTLASS CIERA,48
1982,OLDSMOBILE,DELTA 88,63
1997,OLDSMOBILE,EIGHTY EIGHT,48
1999,OLDSMOBILE,EIGHTY EIGHT,48
2000,OLDSMOBILE,INTRIGUE,48
2001,OLDSMOBILE,INTRIGUE,51
1998,OLDSMOBILE,LSS,46
2004,OLDSMOBILE,SILHOUETTE,2
1970,OPEL,KADDETT,63
1996,PLYMOUTH,NEON,62
2001,PLYMOUTH,NEON,61
1991,PONTIAC,6000,44
1997,PONTIAC,BONNEVILLE,46
2002,PONTIAC,BONNEVILLE,50
2002,PONTIAC,BONNEVILLE,49
1988,PONTIAC,FIERO,50
1985,PONTIAC,FIERO,46
2002,PONTIAC,FIREBIRD,48
1995,PONTIAC,FIREBIRD,46
2007,PONTIAC,G5,48
2007,PONTIAC,G6,48
2008,PONTIAC,G6,49
2009,PONTIAC,G6,44
2006,PONTIAC,G6,46
2007,PONTIAC,G6,46
2007,PONTIAC,G6,50
2007,PONTIAC,G6,50
2009,PONTIAC,G6,50
2000,PONTIAC,GRAND AM,48
1999,PONTIAC,GRAND AM,48
1996,PONTIAC,GRAND AM,44
2001,PONTIAC,GRAND AM,44
2001,PONTIAC,GRAND AM,44
1998,PONTIAC,GRAND AM,49
2001,PONTIAC,GRAND AM,46
2004,PONTIAC,GRAND PRIX,48
1999,PONTIAC,GRAND PRIX,50
1996,PONTIAC,GRAND PRIX,46
1997,PONTIAC,GRAND PRIX,44
1996,PONTIAC,GRAND PRIX,50
2001,PONTIAC,GRAND PRIX,50
2003,PONTIAC,GRAND PRIX,50
1998,PONTIAC,GRAND PRIX,49
2008,PONTIAC,GRAND PRIX,49
2000,PONTIAC,MONTANA,11
1997,PONTIAC,SUNFIRE,49
2006,PONTIAC,TORRENT,10
2007,PONTIAC,TORRENT,12
2007,SATURN,AURA,44
2005,SATURN,ION,41
2006,SATURN,ION,44
2004,SATURN,ION,46
2007,SATURN,ION,51
2006,SATURN,ION,50
2006,SATURN,ION,49
2003,SATURN,L SERIES,48
2003,SATURN,L SERIES,46
2001,SATURN,L SERIES,46
2008,SATURN,OUTLOOK,3
1995,SATURN,S SERIES,46
2002,SATURN,S SERIES,46
2000,SATURN,S SERIES,50
2004,SATURN,VUE,7
2008,SATURN,VUE,9
2005,SATURN,VUE,8
2007,SCION,TC,34
2006,SCION,TC,38
2004,SCION,XB,31
1953,STUDEBAKER,CRU,63
2002,SUBARU,FORESTER,34
2007,SUBARU,FORESTER,29
2009,SUBARU,FORESTER,29
2012,SUBARU,FORESTER,31
2006,SUBARU,FORESTER,34
2001,SUBARU,FORESTER,36
2008,SUBARU,FORESTER,38
1995,SUBARU,IMPREZA,42
2008,SUBARU,IMPREZA,40
2003,SUBARU,IMPREZA,43
2008,SUBARU,IMPREZA,42
2001,SUBARU,IMPREZA,39
1999,SUBARU,IMPREZA,32
2008,SUBARU,IMPREZA,34
2007,SUBARU,IMPREZA,34
1995,SUBARU,LEGACY,42
1999,SUBARU,LEGACY,42
2000,SUBARU,LEGACY,41
1993,SUBARU,LEGACY,32
1997,SUBARU,LEGACY,32
1998,SUBARU,LEGACY,36
1999,SUBARU,LEGACY,36
2011,SUBARU,LEGACY,40
2004,SUBARU,OUTBACK,36
2009,SUBARU,OUTBACK,34
2004,SUBARU,OUTBACK,42
2001,SUBARU,OUTBACK,42
2001,SUBARU,OUTBACK,42
2009,SUBARU,OUTBACK,41
2008,SUBARU,OUTBACK,36
2001,SUBARU,OUTBACK,33
2009,SUBARU,OUTBACK,32
2010,SUBARU,OUTBACK,32
2012,SUBARU,OUTBACK,28
2008,SUBARU,OUTBACK,34
2006,SUBARU,OUTBACK,36
2010,SUBARU,OUTBACK,28
2008,SUBARU,OUTBACK,38
2001,SUBARU,OUTBACK,36
2002,SUZUKI,AERIO,40
2006,SUZUKI,FORENZA,42
2005,SUZUKI,FORENZA,32
2007,SUZUKI,GRAND VITARA,28
2003,SUZUKI,GRAND VITARA,29
2008,SUZUKI,GRAND VITARA,28
2005,SUZUKI,RENO,33
1995,SUZUKI,SWIFT,36
2001,SUZUKI,VITARA,30
2008,SUZUKI,XL-7,30
2003,TOYOTA,AVALON,43
2007,TOYOTA,AVALON,42
1997,TOYOTA,AVALON,34
2006,TOYOTA,AVALON,37
1995,TOYOTA,AVALON,36
2007,TOYOTA,CAMRY,42
2007,TOYOTA,CAMRY,40
2003,TOYOTA,CAMRY,42
1995,TOYOTA,CAMRY,40
1999,TOYOTA,CAMRY,42
2000,TOYOTA,CAMRY,45
1999,TOYOTA,CAMRY,45
1999,TOYOTA,CAMRY,43
2000,TOYOTA,CAMRY,43
1999,TOYOTA,CAMRY,43
1996,TOYOTA,CAMRY,38
1989,TOYOTA,CAMRY,39
2007,TOYOTA,CAMRY,37
2003,TOYOTA,CAMRY,39
1996,TOYOTA,CAMRY,39
1993,TOYOTA,CAMRY,39
2002,TOYOTA,CAMRY,37
1985,TOYOTA,CAMRY,35
2006,TOYOTA,CAMRY,37
2002,TOYOTA,CAMRY,32
2004,TOYOTA,CAMRY,37
2003,TOYOTA,CAMRY,33
1998,TOYOTA,CAMRY,33
2011,TOYOTA,CAMRY,32
2003,TOYOTA,CAMRY,34
2004,TOYOTA,CAMRY,36
2001,TOYOTA,CAMRY,36
1997,TOYOTA,CAMRY,38
2006,TOYOTA,CAMRY,38
1991,TOYOTA,CAMRY,38
2007,TOYOTA,CAMRY,38
1999,TOYOTA,CAMRY SOLARA,38
2007,TOYOTA,COROLLA,45
2008,TOYOTA,COROLLA,42
2000,TOYOTA,COROLLA,43
1990,TOYOTA,COROLLA,43
1992,TOYOTA,COROLLA,39
2000,TOYOTA,COROLLA,33
2001,TOYOTA,COROLLA,32
2007,TOYOTA,COROLLA,32
2001,TOYOTA,COROLLA,36
2001,TOYOTA,ECHO,33
2008,TOYOTA,MATRIX,40
2003,TOYOTA,MATRIX,42
2004,TOYOTA,MATRIX,39
2005,TOYOTA,MATRIX,39
1965,TOYOTA,PICKUP,63
1997,TOYOTA,PREVIA,29
2007,TOYOTA,PRIUS,42
2007,TOYOTA,PRIUS,45
2008,TOYOTA,PRIUS,38
2008,TOYOTA,PRIUS,33
2005,TOYOTA,PRIUS,34
2007,TOYOTA,PRIUS,38
2010,TOYOTA,RAV4,28
1999,TOYOTA,SIENNA,31
2004,TOYOTA,SIENNA,30
2006,TOYOTA,SIENNA,30
1996,TOYOTA,TACOMA,28
1999,VOLKSWAGEN,CABRIO,36
2012,VOLKSWAGEN,CC,36
2010,VOLKSWAGEN,GOLF,36
2002,VOLKSWAGEN,GTI,41
2003,VOLKSWAGEN,JETTA,35
2008,VOLKSWAGEN,JETTA,37
2006,VOLKSWAGEN,JETTA,37
2012,VOLKSWAGEN,JETTA,37
2017,VOLKSWAGEN,JETTA,36
2008,VOLKSWAGEN,NEW BEETLE,42
2000,VOLKSWAGEN,NEW BEETLE,42
2001,VOLKSWAGEN,NEW BEETLE,39
2005,VOLKSWAGEN,NEW BEETLE,35
1999,VOLKSWAGEN,NEW BEETLE,36
2002,VOLKSWAGEN,NEW BEETLE,38
2003,VOLKSWAGEN,PASSAT,43
2008,VOLKSWAGEN,PASSAT,41
2013,VOLKSWAGEN,PASSAT,38
2010,VOLKSWAGEN,ROUTAN,29
2004,VOLKSWAGEN,TOUAREG,31
1977,VOLVO,144,63
2001,VOLVO,S40,40
2006,VOLVO,S40,39
2005,VOLVO,S40,34
2000,VOLVO,S80,34
1999,VOLVO,V70,34
2001,VOLVO,V70 XC,38
2004,VOLVO,XC70,42
2003,VOLVO,XC70,38
2005,VOLVO,XC90,28
