Year,Make,Model,Search Term,Total Sold,Time to Sell,Last Sold Price,Date Sold,Listing Title,Scraped Date
1996,BUICK,RIVIERA,dash vents,1,4.7 days,$11,"Sat, 07-Jun-25",Buick Riviera Script Hat Pin Lapel Pin Emblem Accessory GM
1996,BUICK,RIVIERA,dash vents,1,1.3 months,$75,"Wed, 28-May-25",2003-2007 CHEVY TRUCK CLUSTER GAUGES SILVERADO GMC SIERRA INSTRUMENT 15058362
1996,BUICK,RIVIERA,dash vents,1,0.1 days,$225,"Sat, 24-May-25",Vintage Buick Auto Serv Under Dash Tissue Dispenser Kleenex Dispenser Accessory
1996,BUICK,RIVIERA,headlights,1,1.3 months,$75,"Wed, 28-May-25",2003-2007 CHEVY TRUCK CLUSTER GAUGES SILVERADO GMC SIERRA INSTRUMENT 15058362
1996,BUICK,RIVIERA,headlights,1,4.6 months,$20,"Wed, 28-May-25",1973-1987 Headlight Lamp Dome Light Dimmer Switch Pontiac Grand Prix Monte Carlo
1996,BUICK,RIVIERA,headlights,1,18.2 days,$13,"Tue, 27-May-25",1963 Buick Riviera Original Imp Brochure Specs Info 63 64 65 401
1996,BUICK,RIVIERA,throttle body,1,5.0 months,$64,"Mon, 05-May-25",Throttle Body Throttle Valve Assembly 6-231 3.8L Fits 96-98 REGAL 1994602
1996,BUICK,RIVIERA,throttle body,2,5.0 days,$70,"Sun, 04-May-25",Nice OEM 1989 1996 Jaguar XJS Gold Front Hood Bonnet Emblem Logo V-12 BAC3838
1996,BUICK,RIVIERA,throttle body,1,5.1 months,$30,"Sun, 20-Apr-25",Throttle Body Throttle Valve Assembly Throttle Body Throttle Valve Assembly 6-23
1996,BUICK,RIVIERA,tail lights,1,1.3 months,$75,"Wed, 28-May-25",2003-2007 CHEVY TRUCK CLUSTER GAUGES SILVERADO GMC SIERRA INSTRUMENT 15058362
1996,BUICK,RIVIERA,tail lights,4,,$14,"Wed, 28-May-25",82-02 Camaro Firebird +More Tail Light Retainer Wingnuts Wing Nut LOT OF 5
1996,BUICK,RIVIERA,tail lights,1,18.2 days,$13,"Tue, 27-May-25",1963 Buick Riviera Original Imp Brochure Specs Info 63 64 65 401
1996,BUICK,RIVIERA,intake manifold,1,11.2 days,$84,"Sun, 08-Jun-25",INTAKE MANIFOLD 3.8L W/SUPERCHARGED OPTION FITS 96-05 PARK AVENUE 84467
1996,BUICK,RIVIERA,intake manifold,8,,$60,"Thu, 29-May-25",1996-2005 Buick Lesabre Regal 3.8L Lower Intake Manifold Assembly OEM
1996,BUICK,RIVIERA,intake manifold,1,1.3 months,$130,"Mon, 19-May-25",'00-'05 CHEVROLET MONTE CARLO lower Intake Manifold 3.8L OEM 6 Month Wnty!
1996,BUICK,RIVIERA,gauge cluster,1,1.3 months,$75,"Wed, 28-May-25",2003-2007 CHEVY TRUCK CLUSTER GAUGES SILVERADO GMC SIERRA INSTRUMENT 15058362
1996,BUICK,RIVIERA,gauge cluster,2,5.0 days,$70,"Sun, 04-May-25",Nice OEM 1989 1996 Jaguar XJS Gold Front Hood Bonnet Emblem Logo V-12 BAC3838
1996,BUICK,RIVIERA,gauge cluster,1,26.8 days,$114,"Thu, 17-Apr-25",2003-2007 CHEVY TRUCK CLUSTER GAUGES SILVERADO GMC SIERRA INSTRUMENT 15058362
1996,BUICK,RIVIERA,valve covers,1,2.6 months,$40,"Sun, 18-May-25",USED OEM GM Buick Chevy Olds 3.8L V6 Front Valve Cover  (No Oil Filler) 25534751
1997,CADILLAC,DEVILLE,headlights,1,1.4 months,$30,"Sat, 31-May-25",1997-1999 Cadillac Deville Right Side Headlamp Assembly
1997,CADILLAC,DEVILLE,headlights,1,36.3 months,$85,"Fri, 23-May-25",1997-1999 Cadillac Deville LH Left Driver Headlight Assembly
1997,CADILLAC,DEVILLE,headlights,1,27.8 days,$30,"Fri, 16-May-25",1997-1999 Cadillac Deville LH Left Driver Headlight Assembly
1997,CADILLAC,DEVILLE,dash vents,1,18.7 days,$15,"Sat, 07-Jun-25",Cadillac Hat Pin Lapel Pin Crest Emblem Accessory Badge GM Fleetwood Series 62
1997,CADILLAC,DEVILLE,dash vents,1,12.7 days,$12,"Sun, 01-Jun-25",Cadillac Hat Pin Lapel Pin Crest Emblem Accessory Badge GM Escalade Seville
1997,CADILLAC,DEVILLE,dash vents,1,4.8 days,$11,"Sun, 01-Jun-25",Cadillac Hat Pin Lapel Pin Crest Emblem Accessory Badge GM Escalade Seville
1997,CADILLAC,DEVILLE,throttle body,1,4.2 days,$48,"Mon, 19-May-25",1997 Cadillac Deville Throttle Body Assembly OEM 116K Miles - LKQ334034878
1997,CADILLAC,DEVILLE,throttle body,1,0.9 days,$90,"Sat, 26-Apr-25",96-99 Cadillac Deville Throttle Body Valve Assembly 4.6 Liter 8 Cylinder
1997,CADILLAC,DEVILLE,throttle body,1,1.0 month,$50,"Sat, 05-Apr-25",THROTTLE BODY 4.6L 1 SENSOR CONNECTOR BROKE FITS 96-97 DEVILLE 29981
1997,CADILLAC,DEVILLE,tail lights,1,5.7 months,$45,"Thu, 05-Jun-25",1994-1999 CADILLAC DEVILLE RIGHT TAIL LIGHT P/N 5976656 GENUINE OEM PART
1997,CADILLAC,DEVILLE,tail lights,1,58.7 months,$40,"Thu, 29-May-25",1994-1999 Cadillac Deville Rear High Mounted Third Brake Light Lamp Assembly OEM
1997,CADILLAC,DEVILLE,tail lights,1,2.9 months,$40,"Sun, 25-May-25","98 DeVille LH Tail Lamp w/NICE Chrome Trim, Wiring 94-99"
1997,CADILLAC,DEVILLE,intake manifold,1,1.5 months,$131,"Tue, 27-May-25",1995 1996 1997 1998 1999 Cadillac Seville Intake Manifold Oem 4.6l 12497989
1997,CADILLAC,DEVILLE,intake manifold,1,29.1 days,$55,"Thu, 15-May-25",Intake Manifold 4.6L Fits 1995 CADILLAC SEVILLE 1219316
1997,CADILLAC,DEVILLE,ecu ecm,2,9.8 months,$274,"Tue, 27-May-25",1997 Cadillac DeVille 4.6L 16214848 ECU ECM PCM Computer VATS DELETE
1997,CADILLAC,DEVILLE,ecu ecm,35,2.4 months,$120,"Wed, 14-May-25","1996-99 Eldorado  Engine computer 16214848  ""Programmed to your VIN"" ECM PCM ECU"
1997,CADILLAC,DEVILLE,ecu ecm,27,3.1 months,$120,"Thu, 01-May-25","1996-99 Deville  Engine computer 16214848 ""Programmed to your VIN"" ECM PCM ECU"
1997,CADILLAC,DEVILLE,gauge cluster,102,,$100,"Tue, 03-Jun-25",1997 97 REPAIR SERVICE Cadillac Deville Speedometer Instrument Gauge Cluster
1997,CADILLAC,DEVILLE,gauge cluster,19,1.6 months,$300,"Tue, 03-Jun-25",Cadillac Deville Cluster (1996-1999) DIGITL DISPLAY REPAIR  *Repair Service *
1997,CADILLAC,DEVILLE,gauge cluster,1,5.9 days,$135,"Wed, 07-May-25",1997-1999 Cadillac Deville Dash Speedometer Gauges Instrument Cluster Digital
1997,CADILLAC,DEVILLE,valve covers,1,0.1 days,$75,"Wed, 28-May-25",1993-1999 CADILLAC DEVILLE VALVE COVER REAR BLACK 12556923 USED OEM
1996,CADILLAC,SEVILLE,dash vents,1,18.7 days,$15,"Sat, 07-Jun-25",Cadillac Hat Pin Lapel Pin Crest Emblem Accessory Badge GM Fleetwood Series 62
1996,CADILLAC,SEVILLE,dash vents,1,12.7 days,$12,"Sun, 01-Jun-25",Cadillac Hat Pin Lapel Pin Crest Emblem Accessory Badge GM Escalade Seville
1996,CADILLAC,SEVILLE,dash vents,1,4.8 days,$11,"Sun, 01-Jun-25",Cadillac Hat Pin Lapel Pin Crest Emblem Accessory Badge GM Escalade Seville
1996,CADILLAC,SEVILLE,tail lights,1,2.7 months,$38,"Fri, 06-Jun-25","93-97 Seville LH Tail Lamp  Inboard, Exc. STS"
1996,CADILLAC,SEVILLE,tail lights,1,1.3 months,$58,"Mon, 02-Jun-25",1992 to 1997 Cadillac Seville Right Passenger Rh Side Tail light Inner M0562 DG
1996,CADILLAC,SEVILLE,tail lights,1,5.0 months,$97,"Mon, 02-Jun-25",1993-1997 CADILLAC SEVILLE OEM LEFT DRIVER OUTER BRAKE LIGHT LAMP TAILLIGHT
1996,CADILLAC,SEVILLE,headlights,1,26.2 days,$74,"Thu, 05-Jun-25",1992 to 1997 Cadillac Seville Left Driver LH Side Halogen Headlight M0709 DG
1996,CADILLAC,SEVILLE,headlights,6,7.3 months,$14,"Tue, 27-May-25",Replacement Relay For 88-94 Chevrolet C1500 Blade Terminal Type 14VDC
1996,CADILLAC,SEVILLE,headlights,1,15.7 months,$52,"Sun, 27-Apr-25",1996-2002 CADILLAC ELDORADO SEVILLE HEADLIGHT HEAD LIGHT LAMP FOG SWITCH 3540699
1996,CADILLAC,SEVILLE,throttle body,1,4.2 days,$48,"Mon, 19-May-25",1997 Cadillac Deville Throttle Body Assembly OEM 116K Miles - LKQ334034878
1996,CADILLAC,SEVILLE,throttle body,1,0.9 days,$90,"Sat, 26-Apr-25",96-99 Cadillac Deville Throttle Body Valve Assembly 4.6 Liter 8 Cylinder
1996,CADILLAC,SEVILLE,throttle body,1,1.0 month,$50,"Sat, 05-Apr-25",THROTTLE BODY 4.6L 1 SENSOR CONNECTOR BROKE FITS 96-97 DEVILLE 29981
1996,CADILLAC,SEVILLE,intake manifold,1,1.5 months,$131,"Tue, 27-May-25",1995 1996 1997 1998 1999 Cadillac Seville Intake Manifold Oem 4.6l 12497989
1996,CADILLAC,SEVILLE,intake manifold,1,29.1 days,$55,"Thu, 15-May-25",Intake Manifold 4.6L Fits 1995 CADILLAC SEVILLE 1219316
1996,CADILLAC,SEVILLE,ecu ecm,2,9.8 months,$274,"Tue, 27-May-25",1997 Cadillac DeVille 4.6L 16214848 ECU ECM PCM Computer VATS DELETE
1996,CADILLAC,SEVILLE,ecu ecm,35,2.4 months,$120,"Wed, 14-May-25","1996-99 Eldorado  Engine computer 16214848  ""Programmed to your VIN"" ECM PCM ECU"
1996,CADILLAC,SEVILLE,ecu ecm,27,3.1 months,$120,"Thu, 01-May-25","1996-99 Deville  Engine computer 16214848 ""Programmed to your VIN"" ECM PCM ECU"
1996,CADILLAC,SEVILLE,gauge cluster,1,10.2 days,$96,"Wed, 04-Jun-25",1996-97 Cadillac Seville Eldorado Instrument Speedometer Gauge Cluster OEM GM
1996,CADILLAC,SEVILLE,gauge cluster,1,2.1 months,$120,"Wed, 09-Apr-25",1996-1997 CADILLAC SEVILLE ELDORADO INSTRUMENT SPEEDOMETER DASH CLUSTER 16178666
2010,CHEVROLET,MALIBU,headlights,1,16.4 days,$40,"Sat, 07-Jun-25",2008 to 2012 Chevrolet Malibu Left Driver LH Side Headlight Oem N2214 DW
2010,CHEVROLET,MALIBU,headlights,1,5.7 months,$10,"Sat, 07-Jun-25",2008-2012 Chevrolet Malibu OEM headlight retainer bolt set 08 09 10 11 12
2010,CHEVROLET,MALIBU,headlights,1,1.5 months,$39,"Fri, 30-May-25",Passenger Right Headlight Fits 08-12 MALIBU 407385
2010,CHEVROLET,MALIBU,dash vents,35,1.0 month,$21,"Sun, 08-Jun-25",08-12 Chevy MALIBU Dash A/C Heater AIR VENT Front right passenger Side Gray VT46
2010,CHEVROLET,MALIBU,dash vents,1,15.9 days,$18,"Thu, 05-Jun-25",2011 Chevrolet Malibu OEM Left Driver Side AC Heater Dash Air Vent 09 10 11 12
2010,CHEVROLET,MALIBU,dash vents,1,1.2 months,$19,"Thu, 05-Jun-25",08-12 Chevy Malibu Dash A/C Air Vent  Front Left Driver  Side Black OEM
2010,CHEVROLET,MALIBU,tail lights,1,1.3 months,$30,"Sat, 07-Jun-25",2008 2012 Chevrolet Malibu Right Passenger RH Side OEM Tail Light M2014 DW
2010,CHEVROLET,MALIBU,tail lights,113,,$35,"Sat, 07-Jun-25",OEM OSRAM JOULE L1230R-4C Chevy Malibu LTZ LED Tail Lamp Control Module Bulb
2010,CHEVROLET,MALIBU,tail lights,1,1.6 months,$35,"Fri, 06-Jun-25",âœ… 08â€“12 CHEVY MALIBU LEFT INNER TRUNK TAIL LIGHT 15271120 OEM
2010,CHEVROLET,MALIBU,intake manifold,1,4.4 months,$48,"Fri, 06-Jun-25",07 CTS 3.6 Lower Intake Manifold 04-09 SRX
2010,CHEVROLET,MALIBU,intake manifold,1,40.9 months,$74,"Mon, 02-Jun-25",2009-2011 CHEVY IMPALA BUICK LUCERNE 08-10 MALIBU UPPER AIR INTAKE MANIFOLD OEM
2010,CHEVROLET,MALIBU,intake manifold,1,0.0 days,$60,"Tue, 27-May-25",2009 Chevrolet Malibu 2.4L engine air cleaner outlet duct intake cover 25842351
2010,CHEVROLET,MALIBU,throttle body,1,3.3 months,$27,"Sun, 25-May-25",2010-2012 Gmc Terrain Throttle Body BSUI3
2010,CHEVROLET,MALIBU,throttle body,1,2.0 months,$33,"Mon, 19-May-25",2009 2010 2011 2012 CHEVROLET Malibu 2.4L THROTTLE BODY OEM 106K Miles 12616668
2010,CHEVROLET,MALIBU,throttle body,1,6.5 months,$25,"Sun, 18-May-25",2006-2011 Chevrolet Impala Throttle Body MKG9I
2010,CHEVROLET,MALIBU,ecu ecm,1,7.6 months,$45,"Sun, 08-Jun-25",*SD+* 2007-12 Chevrolet Malibu Chevy ECU ECM Engine Control Unit 12635902 BA
2010,CHEVROLET,MALIBU,ecu ecm,241,,$110,"Sun, 08-Jun-25",âœ… VIN PROGRAMMED E37 08-12 Malibu 2.4L 2.2L ECM Engine Computer 12612397 OEM GM
2010,CHEVROLET,MALIBU,ecu ecm,5,,$119,"Sat, 07-Jun-25",2008 - 2009 Xlr Engine Computer 12607096 Programmed To Your VIN ECM PCM ECU
2010,CHEVROLET,MALIBU,gauge cluster,4,,$100,"Fri, 06-Jun-25",2008-2012 Chevrolet Malibu Speedometer Tachometer Instrument Gauge Cluster Oem
2010,CHEVROLET,MALIBU,gauge cluster,1,8.5 days,$85,"Thu, 05-Jun-25",2008-2010 Chevy Malibu LT Speedometer Cluster 77k Miles OEM LKQ
2010,CHEVROLET,MALIBU,gauge cluster,33,,$65,"Thu, 05-Jun-25",2009-2012 Chevy Malibu Speedometer Gauge Instrument Cluster LS and LT
2010,CHEVROLET,MALIBU,valve covers,1,0.0 days,$20,"Mon, 02-Jun-25",2006-2011 CHEVROLET IMPALA 3.9L LEFT VALVE COVER 12591709 OEM
2010,CHEVROLET,MALIBU,valve covers,1,7.0 months,$20,"Sat, 31-May-25",2006-2011 CHEVROLET IMPALA 3.9L LEFT VALVE COVER 12591709 OEM
2010,CHEVROLET,MALIBU,valve covers,5,1.3 months,$30,"Wed, 28-May-25",2009-2017 CHEVROLET TRAVERSE 3.6L RIGHT VALVE COVER 12626266 OEM
1987,DODGE,DAKOTA,dash vents,1,3.6 days,$11,"Sun, 11-May-25",Vintage 8 M Truck Plate Topper Accessory Ram Chevy Ford GMC Studebaker Dodge
1987,DODGE,DAKOTA,dash vents,1,0.4 days,$13,"Tue, 08-Apr-25",Vintage 16 M Truck Plate Topper Accessory Ram Chevy Ford GMC Studebaker Dodge
1987,DODGE,DAKOTA,dash vents,1,14.1 days,$20,"Tue, 25-Mar-25",Dodge Leather Luggage Watch Key Fob Strap Accessory Mopar Badge Emblem
1987,DODGE,DAKOTA,headlights,1,7.3 days,$120,"Sat, 24-May-25",1987 -1990 dodge dakota Headlight Bezels Set
1987,DODGE,DAKOTA,headlights,1,1.1 months,$50,"Sat, 26-Apr-25",1987 dodge dakota Lh Driver's Side Headlight Bezel.
1987,DODGE,DAKOTA,tail lights,1,7.4 months,$9,"Wed, 04-Jun-25",1987-1996 Dodge Dakota Tail Light Assembly Left Lh 176030
1987,DODGE,DAKOTA,tail lights,1,3.1 months,$30,"Mon, 26-May-25",1987-1996 DODGE DAKOTA FIRST GEN DODGE RAM 81-93 TAIL LIGHT LEFT RAMCHARGER D100
1987,DODGE,DAKOTA,tail lights,1,25.4 days,$200,"Thu, 15-May-25",1987-1996 DODGE DAKOTA FIRST GEN CHASSIS TAILLIGHT LIGHT WIRING HARNESS PLUGS 94
1987,DODGE,DAKOTA,throttle body,1,10.7 months,$275,"Thu, 03-Apr-25",1981-1992 Dodge Ramcharger Air Cleaner V8 D100 D150 D200 D250 Pickup Truck Ram
1987,DODGE,DAKOTA,ecu ecm,89,,$145,"Sat, 24-May-25",Dodge Durango PCM ECM ECU Engine Computer  Repair & Return Durango ECM Repair
1987,DODGE,DAKOTA,gauge cluster,1,9.1 days,$85,"Fri, 06-Jun-25",87 88 89 90 91 92 93 Dodge Dakota Speedometer Instrument Cluster 84K Miles
1987,DODGE,DAKOTA,gauge cluster,1,1.6 months,$80,"Tue, 20-May-25",1987-1993  Dodge Dakota Speedometer Instrument Cluster 175k miles 110mph OEM
1987,DODGE,DAKOTA,gauge cluster,1,12.5 months,$100,"Fri, 16-May-25",1987-1989 Dodge Dakota Speedometer Instrument Cluster OEM 199k Miles
2011,JEEP,COMPASS,dash vents,12,1.3 months,$50,"Wed, 04-Jun-25",10-16 Jeep Compass Patriot -  Center Dash Heater HVAC A/C Vents OEM Pair Bezel
2011,JEEP,COMPASS,dash vents,1,1.3 months,$46,"Tue, 03-Jun-25",2011 2012 2013 Jeep Compass Heater Control Switch Dash Trim Panel Air Vent S89
2011,JEEP,COMPASS,dash vents,2,3.5 months,$30,"Tue, 03-Jun-25",10-16 Jeep Compass Patriot -  Center Left Dash Heater HVAC A/C Vents OEM Bezel
2011,JEEP,COMPASS,headlights,1,28.9 days,$50,"Thu, 22-May-25",2011 2012 2013 Jeep Compass Right Passenger Side Halogen Headlight M1056 Oem DG
2011,JEEP,COMPASS,headlights,1,18.7 days,$496,"Mon, 19-May-25",2011 2012 2013 JEEP GRAND CHEROKEE LH DRIVER SIDE XENON HID AFS HEADLIGHT OEM
2011,JEEP,COMPASS,headlights,1,3.5 months,$47,"Sun, 18-May-25",2011 2012 2013 Jeep Compass Left Driver LH Side Halogen Headlight H6255 Oem DG1
2011,JEEP,COMPASS,throttle body,77,,$32,"Wed, 04-Jun-25",Throttle Body for Chrysler Dodge Jeep Compass Patriot 08-14 2.0L 2.4L 04891735AC
2011,JEEP,COMPASS,throttle body,1,7.0 months,$26,"Wed, 04-Jun-25",2009-2017 Dodge Journey Throttle Body HROQZ
2011,JEEP,COMPASS,throttle body,1,7.6 days,$51,"Fri, 30-May-25",2014 Jeep Compass Throttle Body Assembly OEM 139K Miles - LKQ421459116
2011,JEEP,COMPASS,tail lights,2,13.4 months,$85,"Wed, 04-Jun-25",2011 2012 2013 Jeep Compass Driver Side Left Tail Light Lamp Assembly OEM
2011,JEEP,COMPASS,tail lights,1,10.2 days,$100,"Fri, 30-May-25",Driver Left Tail Light Fits 11-13 COMPASS 1063160
2011,JEEP,COMPASS,tail lights,1,1.0 month,$50,"Fri, 30-May-25",âœ… 11-13 JEEP COMPASS *LEFT DRIVER SIDE TAIL LIGHT BRAKE LAMP LED ASSEMBLY OEM
2011,JEEP,COMPASS,intake manifold,1,4.6 days,$62,"Sat, 07-Jun-25",Intake Manifold w/ Runner Control Valve Sensor For 07-17 Jeep Chrysler Dodge 2.4
2011,JEEP,COMPASS,intake manifold,3,3.0 months,$70,"Thu, 05-Jun-25",Genuine Intake Manifold Chrysler Dodge Jeep 2.0L 2.4L 2007-2016 04884495AJ OEM
2011,JEEP,COMPASS,intake manifold,1,1.8 months,$59,"Wed, 04-Jun-25",Intake Manifold Classic Style 2.4L Fits 07-17 COMPASS 1025392
2011,JEEP,COMPASS,ecu ecm,1,4.8 days,$40,"Sat, 07-Jun-25",2011 2012 Jeep Compass Patriot PCM ECM ECU Engine Computer Module N7067 DG
2011,JEEP,COMPASS,ecu ecm,110,,$200,"Tue, 03-Jun-25",Jeep Mail-in REPAIR SERVICE Engine Computer ECM PCM ECU FAST
2011,JEEP,COMPASS,ecu ecm,1,17.7 days,$60,"Sun, 01-Jun-25",2011 Jeep Compass Patriot PCM ECM ECU Engine Computer Module M9696 DG
2011,JEEP,COMPASS,gauge cluster,72,,$99,"Sun, 11-May-25",Jeep Speedometer Instrument Gauge Cluster Mileage Odometer PROGRAMMING
2011,JEEP,COMPASS,gauge cluster,1,1.8 months,$50,"Wed, 30-Apr-25",2019 2020 2021 Jeep Compass Dash Speedometer Cluster Gauge OEM i5412 DG1
2011,JEEP,COMPASS,gauge cluster,1,35.0 months,$62,"Sat, 26-Apr-25",11-12 JEEP PATRIOT SPEEDOMETER CLUSTER GAUGE 185K INSTRUMENT 120 MPH OEM
2011,JEEP,COMPASS,valve covers,1,2.4 months,$65,"Tue, 27-May-25",Valve Cover For 08-14 Dodge Avenger  2.4 04884760AF FWD
2011,JEEP,COMPASS,valve covers,1,23.4 days,$43,"Sat, 24-May-25",2008 - 2011 DODGE AVENGER 2.4L ENGINE COVER TOP LID COVER OEM
2011,JEEP,COMPASS,valve covers,1,6.6 months,$52,"Sun, 18-May-25",2007-2017 Jeep Patriot Engine Cover Top Plastic Shield Oem 2.4l
2014,JEEP,COMPASS,dash vents,12,1.3 months,$50,"Wed, 04-Jun-25",10-16 Jeep Compass Patriot -  Center Dash Heater HVAC A/C Vents OEM Pair Bezel
2014,JEEP,COMPASS,dash vents,1,1.3 months,$46,"Tue, 03-Jun-25",2011 2012 2013 Jeep Compass Heater Control Switch Dash Trim Panel Air Vent S89
2014,JEEP,COMPASS,dash vents,2,3.5 months,$30,"Tue, 03-Jun-25",10-16 Jeep Compass Patriot -  Center Left Dash Heater HVAC A/C Vents OEM Bezel
2014,JEEP,COMPASS,headlights,1,23.2 days,$94,"Fri, 06-Jun-25",Driver Headlight Classic Style Halogen Black Bezel Fits 12-17 COMPASS 2958417
2014,JEEP,COMPASS,headlights,25,2.0 months,$89,"Thu, 29-May-25",2x OEM For 11-13 Dodge Durango Xenon Ballast & HID D1S Bulb Kit Control Unit 6G
2014,JEEP,COMPASS,headlights,1,3.1 months,$150,"Sun, 25-May-25",OEM 2014-2015 Jeep Compass Black Projector Halogen LH Headlight 05272919AA
2014,JEEP,COMPASS,tail lights,1,2.4 months,$54,"Fri, 06-Jun-25",2014 to 2017 Jeep Compass Right Passenger Side Tail Light J6032 KC
2014,JEEP,COMPASS,tail lights,1,12.1 days,$50,"Wed, 04-Jun-25",2019-2024 JEEP COMPASS PASSENGER RIGHT TAIL LIGHT HALOGEN LAMP OEM
2014,JEEP,COMPASS,tail lights,1,1.8 months,$49,"Wed, 28-May-25",2014 - 2017 Jeep Compass Right Passenger Side Tail Light Oem L2462 DW
2014,JEEP,COMPASS,throttle body,1,1.9 days,$40,"Sun, 08-Jun-25",2014 JEEP Compass 2.4L THROTTLE BODY OEM 115K miles 7C3777FD
2014,JEEP,COMPASS,throttle body,77,,$32,"Wed, 04-Jun-25",Throttle Body for Chrysler Dodge Jeep Compass Patriot 08-14 2.0L 2.4L 04891735AC
2014,JEEP,COMPASS,throttle body,1,7.0 months,$26,"Wed, 04-Jun-25",2009-2017 Dodge Journey Throttle Body HROQZ
2014,JEEP,COMPASS,intake manifold,1,4.6 days,$62,"Sat, 07-Jun-25",Intake Manifold w/ Runner Control Valve Sensor For 07-17 Jeep Chrysler Dodge 2.4
2014,JEEP,COMPASS,intake manifold,3,3.0 months,$70,"Thu, 05-Jun-25",Genuine Intake Manifold Chrysler Dodge Jeep 2.0L 2.4L 2007-2016 04884495AJ OEM
2014,JEEP,COMPASS,intake manifold,1,1.8 months,$59,"Wed, 04-Jun-25",Intake Manifold Classic Style 2.4L Fits 07-17 COMPASS 1025392
2014,JEEP,COMPASS,gauge cluster,1,2.7 months,$98,"Wed, 28-May-25",OEM 2014 Ford Shelby Mustang GT500 5.8 SVT Air Cleaner Cold Air Filter Assembly
2014,JEEP,COMPASS,gauge cluster,1,14.8 months,$99,"Wed, 28-May-25",OEM 2005 Land Rover LR3 Speedometer Cluster W/ Message Center MPH AK2206212
2014,JEEP,COMPASS,gauge cluster,1,6.3 months,$200,"Sat, 24-May-25",Flowmaster Delta Force Cold Air Intake 2014-2018 Dodge 6.4
2014,JEEP,COMPASS,ecu ecm,8,,$48,"Fri, 06-Jun-25",2015-2017 Jeep Compass Patriot Engine Control Module ECU PCM ECM P05150941AB OEM
2014,JEEP,COMPASS,ecu ecm,24,2.1 months,$270,"Wed, 04-Jun-25","2014 Compass 2.4L Engine computer P68193983 ""Programmed to your VIN"" ECM PCM ECU"
2014,JEEP,COMPASS,ecu ecm,110,,$200,"Tue, 03-Jun-25",Jeep Mail-in REPAIR SERVICE Engine Computer ECM PCM ECU FAST
2014,JEEP,COMPASS,valve covers,1,2.4 months,$65,"Tue, 27-May-25",Valve Cover For 08-14 Dodge Avenger  2.4 04884760AF FWD
2014,JEEP,COMPASS,valve covers,1,23.4 days,$43,"Sat, 24-May-25",2008 - 2011 DODGE AVENGER 2.4L ENGINE COVER TOP LID COVER OEM
2014,JEEP,COMPASS,valve covers,1,6.6 months,$52,"Sun, 18-May-25",2007-2017 Jeep Patriot Engine Cover Top Plastic Shield Oem 2.4l
2002,JEEP,GRAND CHEROKEE,headlights,1,20.5 days,$44,"Sat, 07-Jun-25",Driver Headlight Smoke Tint Dark Background Fits 02-04 GRAND CHEROKEE 1199492
2002,JEEP,GRAND CHEROKEE,headlights,1,5.6 months,$64,"Thu, 29-May-25",Passenger Headlight Crystal Clear Fits 99-04 GRAND CHEROKEE 19699
2002,JEEP,GRAND CHEROKEE,headlights,1,13.4 days,$55,"Thu, 29-May-25","1999-2004 JEEP GRAND CHEROKEE FRONT LEFT DRIVER SIDE HEADLIGHT OEM, 114-01526B"
2002,JEEP,GRAND CHEROKEE,dash vents,13,3.0 months,$18,"Fri, 06-Jun-25",99-04 Jeep GRAND CHEROKEE Dash Center RADIO Bezel A/C Air Vent Trim SILVER B67
2002,JEEP,GRAND CHEROKEE,dash vents,1,26.2 days,$130,"Thu, 05-Jun-25",ðŸ”¥2002 Jeep Grand Cherokee WJ 99-04 Dash Top Cover Trim Defrost Vent Slate gray.
2002,JEEP,GRAND CHEROKEE,dash vents,1,5.3 days,$130,"Thu, 05-Jun-25",ðŸ”¥2002 Jeep Grand Cherokee WJ 99-04 Dash Top Cover Trim Defrost Vent dark slate
2002,JEEP,GRAND CHEROKEE,tail lights,1,23.1 days,$30,"Sun, 08-Jun-25",1999-2004 Jeep Grand Cherokee WJ Right Passenger Side Rh Tail Light Oem M9307 DW
2002,JEEP,GRAND CHEROKEE,tail lights,1,1.1 days,$30,"Sat, 07-Jun-25",1999-2004 Jeep Grand Cherokee WJ Left Driver Lh Tail Light Oem N8219 DW
2002,JEEP,GRAND CHEROKEE,tail lights,84,,$55,"Sat, 07-Jun-25",Jeep Grand Cherokee WJ 99-04 OEM Driver Passenger Tail Light Lamp Pair FREE SHIP
2002,JEEP,GRAND CHEROKEE,throttle body,1,25.9 days,$68,"Sat, 07-Jun-25",2002 2003 Jeep Grand Cherokee 4.0L Air Box Resonator On Throttle Body 2001
2002,JEEP,GRAND CHEROKEE,throttle body,1,20.3 days,$40,"Fri, 06-Jun-25",Throttle Body Assembly 4.0L Fits 02-04 GRAND CHEROKEE 1232141
2002,JEEP,GRAND CHEROKEE,throttle body,23,,$135,"Thu, 05-Jun-25",Genuine Throttle Body 53013290AA for 2002-2004 Jeep Grand Cherokee Wrangle
2002,JEEP,GRAND CHEROKEE,intake manifold,1,4.0 months,$75,"Fri, 30-May-25",Volant 15742 Cold Air Intake 06-08 GM Envoy Trailblazer 4.2L BOX & TUBE O NLY
2002,JEEP,GRAND CHEROKEE,intake manifold,1,13.3 days,$200,"Wed, 28-May-25",Jeep TJ Wrangler OEM 4.0L 6 Cylinder Intake Manifold 04854036AB 2000-2004 166524
2002,JEEP,GRAND CHEROKEE,intake manifold,1,9.4 days,$200,"Sat, 24-May-25",1999-2004 Jeep Grand Cherokee 4.0L Engine Intake Manifold OE 4854197AB 4854197AA
2002,JEEP,GRAND CHEROKEE,ecu ecm,1,1.2 months,$25,"Sun, 08-Jun-25",2002 Jeep Grand Cherokee 4.7L Engine Computer ECU ECM P56041905AD
2002,JEEP,GRAND CHEROKEE,ecu ecm,"1,493",,$145,"Sat, 07-Jun-25",Jeep ECM ECU PCM Repair & Return Jeep Engine Computer Jeep ECM Repair
2002,JEEP,GRAND CHEROKEE,ecu ecm,1,15.2 days,$110,"Sat, 07-Jun-25",Jeep Grand Cherokee WJ 02 OEM 4.0 Auto Engine Computer ECU ECM w/ Key 56044357AB
2002,JEEP,GRAND CHEROKEE,gauge cluster,1,19.7 months,$32,"Fri, 06-Jun-25",2002-2004 Jeep Grand Cherokee Instrument Cluster 56042902AI Unknown Miles
2002,JEEP,GRAND CHEROKEE,gauge cluster,1,18.0 days,$126,"Wed, 04-Jun-25","*Speedometer Instrument Cluster 2002 03 04 Jeep Grand Cherokee 143,569 Miles"
2002,JEEP,GRAND CHEROKEE,gauge cluster,1,6.8 months,$36,"Tue, 03-Jun-25",2002 2003 2004 Jeep Grand Cherokee Speedometer Instrument Gauge Cluster OEM
2002,JEEP,GRAND CHEROKEE,valve covers,277,,$50,"Fri, 30-May-25",Jeep Wrangler TJ YJ Cherokee XJ Grand ZJ 4.0 OEM Steel Engine Valve Cover 6 Cyl
2002,JEEP,GRAND CHEROKEE,valve covers,1,2.8 months,$55,"Tue, 27-May-25",Right Valve Cover For 02-07 Jeep Grand Cherokee  4.7 53021828AA Gas
2002,JEEP,GRAND CHEROKEE,valve covers,1,0.1 days,$55,"Sun, 11-May-25",Left Valve Cover For 02-07 Dodge Ram 1500  4.7 53021829AA Gas Driver Side
2005,KIA,SPECTRA,dash vents,1 total sold,1.5 months to sell one,$95,"Mon, 24-Mar-25",2004-2009 KIA SPECTRA Radio Bezel Dash Trim Surround Dash Hazard Clock Vents,2025-06-12
2009,MAZDA,MAZDA6,dash vents,1 total sold,6.8 days to sell one,$20,"Wed, 04-Jun-25",2009 2010 2011 Mazda 6 Dash Air Vent Right Pessinger Side AC RH OEM,2025-06-12
1971,MERCEDES-BENZ,450,dash vents,1 total sold,3.5 days to sell one,$39,"Thu, 12-Jun-25",UNUSED MERCEDES TOOL SET WRENCHES PLIERS OPEN END UNIQUE SUMP 1960S 1970S 80,2025-06-12
1997,NISSAN,SENTRA,headlights,1 total sold,28.0 months to sell one,$35,"Wed, 21-May-25",95 96 97 98 NISSAN SENTRA RIGHT PASSENGER HEADLIGHT 21004,2025-06-12
1998,OLDSMOBILE,INTRIGUE,dash vents,1 total sold,2.9 days to sell one,$18,"Thu, 15-May-25",Vintage Oldsmobile Visor Mirror Vanity Mirror Accessory Cutlass 88 Rocket GM,2025-06-13
1996,PONTIAC,SUNFIRE,dash vents,2 total sold,6.0 months to sell one,$40,"Thu, 05-Jun-25",Pontiac Sunfire Auto Automatic Floor Shifter Knob Black Push Button OEM,2025-06-13
2006,TOYOTA,CAMRY,dash vents,1 total sold,22.2 months to sell one,$15,"Fri, 13-Jun-25",2002 03 04 05 2006 Toyota Camry LEFT DRIVERS SIDE DASH A/C AIR VENT GRAY OEM,2025-06-14
1986,TOYOTA,CELICA,dash vents,1 total sold,57.3 months to sell one,$30,"Sun, 18-May-25",86-89 Toyota Celica ST162 OEM Left Driver side dash A/C ac air vent 55650-20140,2025-06-14
2018,TOYOTA,COROLLA,dash vents,1 total sold,8.7 months to sell one,$30,"Sun, 08-Jun-25",2017-2018 TOYOTA COROLLA IM LEFT DRIVER SIDE DASHBOARD DASH AIR VENT BEZEL OEM,2025-06-14
2002,TOYOTA,COROLLA,dash vents,74 total sold,,$13,"Mon, 09-Jun-25",COROLLA CHEVY  PRIZM 1998 TO 2002 A/C HEATER IN DASH( VENT ONLY) GREY OR TAN,2025-06-14
2000,TOYOTA,TACOMA,dash vents,1 total sold,24.2 days to sell one,$126,"Fri, 13-Jun-25",98-04 Toyota Tacoma Dash Radio Bezel OEM Dashboard Vents Trim Cover HVAC,2025-06-14
1998,VOLKSWAGEN,GOLF,dash vents,1 total sold,16.1 days to sell one,$60,"Sat, 31-May-25",Leather/Vinyl? Volkswagen VW Gear Shift Knob Handle Accessory Bug Bus Ghia,2025-06-14
1992,ACURA,INTEGRA,dash vents,1 total sold,2.5 months to sell one,$131,"Sat, 10-May-25",1990 1991 1992 1993 ACURA INTEGRA SPEEDOMETER BEZEL DASH TRIM AIR VENTS SWITCHES,2025-06-16
2001,BMW,5 SERIES,headlights,1 total sold,27.7 days to sell one,$695,"Sat, 14-Jun-25",2001 - 2003 BMW 5-Series E39 540i 530i Halo EURO SPEC Headlights NEW ADJUSTERS,2025-06-16
2005,CHEVROLET,SUBURBAN,dash vents,1 total sold,19.4 days to sell one,$399,"Mon, 16-Jun-25",ðŸ”¥ 03-06 NBS Cadillac Escalade Truck Upper Dash Pad W/ Pull Bar Very Dark Pewter,2025-06-16
2005,CHEVROLET,VENTURE,headlights,1 total sold,38.5 months to sell one,$48,"Fri, 09-May-25",ðŸ¥‡ 2005 VENTURE HEADLIGHT SWITCH DOME LIGHT PARK INTERIOR DIMMER LAMP CONTROL ðŸ”¥,2025-06-16
2013,FIAT,500,dash vents,1 total sold,4.6 months to sell one,$97,"Fri, 13-Jun-25",12-15 FIAT 500 CENTER DASH A/C HEATER AIR VENT GRILLE OEM,2025-06-17
1986,FORD,RANGER,headlights,1 total sold,1.3 months to sell one,$150,"Sun, 01-Jun-25","1978 1986 Ford Truck F150 BRONCO F250 F350 7X5"" HEADLIGHT MOUNT BUCKET TRIM SET",2025-06-17
2013,GMC,TERRAIN,dash vents,13 total sold,1.1 months to sell one,$20,"Tue, 17-Jun-25",2010-2017 GMC Terrain Right Side Center DASH AIR VENT A/C Heating Gray Trim OEM,2025-06-18
2003,HONDA,CR-V,dash vents,1 total sold,7.0 months to sell one,$40,"Fri, 30-May-25",âœ… 2002-2006 HONDA CR-V CRV Center Dash Radio Trim Bezel W/ Air Vent OEM *BLACK,2025-06-18
2000,HONDA,ODYSSEY,dash vents,1 total sold,15.2 days to sell one,$35,"Fri, 13-Jun-25",1998 1999 2000 2002 HONDA ACCORD CLIMATE CONTROL Radio Dash AC Vent Bezel PANEL,2025-06-18
1995,HONDA,ODYSSEY,dash vents,1 total sold,5.0 days to sell one,$38,"Tue, 20-May-25",97 98 99 00 01  HONDA CRV CENTER DASH VENTS HAZARD SWITCH CLOCK BEZEL VENT BARE,2025-06-18
2001,HYUNDAI,SONATA,headlights,1 total sold,1.5 days to sell one,$57,"Fri, 13-Jun-25",Driver Left Headlight Fits 99-01 SONATA 1332371,2025-06-18
2017,KIA,SEDONA,dash vents,1 total sold,5.1 months to sell one,$32,"Tue, 17-Jun-25",2015 - 2021 KIA SEDONA DASH LEFT SIDE INNER AIR VENT GRILLE OEM 97410A9900,2025-06-19
2007,LAND ROVER,LR3,dash vents,1 total sold,1.4 months to sell one,$50,"Mon, 02-Jun-25",2005-2009 Land Rover LR3 Driver & Center Right Dash Air Vent Bezel Cup Holder,2025-06-19
2006,LEXUS,IS 250,dash vents,1 total sold,0.2 days to sell one,$65,"Wed, 18-Jun-25",OEM LEXUS IS250 IS350 2006-2008 FRONT CENTER DASH AIR A/C VENT TRIM GRILLE GRAY,2025-06-19
2008,MAZDA,MAZDA5,dash vents,1 total sold,19.4 months to sell one,$20,"Tue, 17-Jun-25",06-15 Mazda Miata MX5 MX-5 OEM AC Air Heat Dash Vent Stationary Type Chrome,2025-06-19
1990,MAZDA,RX-7,dash vents,1 total sold,12.5 months to sell one,$48,"Wed, 28-May-25",Mazda RX-7 Dash Air Vent Grey FC 85-92 OEM,2025-06-19
2001,MERCEDES-BENZ,CLK-CLASS,dash vents,1 total sold,9.9 months to sell one,$69,"Wed, 11-Jun-25",98-03 Mercedes W208 CLK320 CLK430 Center Dashboard Dash A/C Air Vent Gray OEM,2025-06-19
2004,MERCEDES-BENZ,M-CLASS,dash vents,1 total sold,4.7 months to sell one,$35,"Thu, 12-Jun-25",98-2005 mercedes w163 ml320 ml350 ml500 left driver side dash air ac a/c vent,2025-06-19
2001,MERCEDES-BENZ,SLK-CLASS,dash vents,1 total sold,3.3 months to sell one,$28,"Fri, 30-May-25",97-04 Mercedes R170 SLK320 SLK230 Center Dash AC A/C Air Condition Vent OEM,2025-06-19
2004,OLDSMOBILE,BRAVADA,dash vents,9 total sold,1.4 months to sell one,$27,"Thu, 19-Jun-25",98-05 S10 BLAZER SONOMA PICKUP TRUCK DASH CENTER HEATER AIR VENT CLIMATE FILTER,2025-06-20
2007,PONTIAC,TORRENT,dash vents,1 total sold,1.9 months to sell one,$146,"Sat, 14-Jun-25",2005-2006 Chevy Equinox Center Dash Radio Bezel Climate Ctrl Dual Vent Panel OEM,2025-06-20
2009,SCION,XB,tail lights,1 total sold,6.1 days to sell one,$40,"Thu, 19-Jun-25",2007 2008 2009 2010 Toyota Scion xB Left Driver Side Tail Light Lamp OEM,2025-06-21
2002,TOYOTA,CAMRY SOLARA,headlights,35 total sold,1.5 months to sell one,$23,"Wed, 18-Jun-25",OPENBOX 9006 HB4 OSRAM Night Breaker Laser Headlight Bulbs | 9006NL |  MC118,2025-06-21
2002,TOYOTA,ECHO,valve covers,1 total sold,1.9 months to sell one,"$1,000","Sat, 24-May-25",2004-2006 Scion XB 1.5L Engine Assembly 215k Ran Great Free Commercial Shipping,2025-06-21
2008,VOLKSWAGEN,JETTA,dash vents,1 total sold,8.3 days to sell one,$93,"Sun, 15-Jun-25",2005-2010 Volkswagen VW MK5 Jetta Center Dash Heater A/C Air Vent Black OEM,2025-06-21
2004,VOLKSWAGEN,PASSAT,dash vents,1 total sold,2.9 months to sell one,$45,"Fri, 13-Jun-25",ðŸ”¥01-05 VW PASSAT DASH CENTER MIDDLE Air AC Vent Heater Conditioning Black,2025-06-21
2001,VOLVO,S40,tail lights,1 total sold,12.4 days to sell one,$100,"Wed, 18-Jun-25",2001 to 2003 Volvo S40 Left Driver LH Side Tail Light n3982 OEM DG,2025-06-21
2005,VOLVO,S80,dash vents,1 total sold,0.2 days to sell one,$11,"Sat, 07-Jun-25",Volvo Hat Pin Lapel Pin Crest Emblem Accessory Badge C70 C90,2025-06-21
2002,AUDI,A6,dash vents,1 total sold,5.0 days to sell one,$18,"Wed, 23-Apr-25",Brass Audi key Chain Key Fob Key Ring Accessory Novelty,2025-06-23
2014,BMW,3 SERIES,dash vents,1 total sold,15.3 days to sell one,$29,"Sun, 08-Jun-25",12-18 BMW 320i F30 3-Series OEM Front Right & Left Dash Air AC Vent Grille 5055,2025-06-23
2005,CADILLAC,ESCALADE ESV,intake manifold,1 total sold,1.0 month to sell one,$175,"Tue, 10-Jun-25",Intake Manifold W/Fuel Rail & Injectors Fits 04-06 SUBURBAN 1500 1228925,2025-06-23
2002,CHEVROLET,AVALANCHE,tail lights,57 total sold,,$90,"Fri, 20-Jun-25",âœ… 99-05 Tail Light Wiring Harness Rear Left LH SILVERADO SIERRA TRUCK PICKUP âœ…,2025-06-23
2008,CHEVROLET,EQUINOX,intake manifold,1 total sold,13.1 months to sell one,$68,"Thu, 19-Jun-25",Intake Manifold 3.4L Upper Fits 07-09 EQUINOX 441996,2025-06-23
1999,CHEVROLET,EXPRESS,dash vents,11 total sold,4.5 months to sell one,$16,"Sun, 22-Jun-25",96-14 Chevy Express Van Passenger Side Dash Vent OEM GM,2025-06-23
2018,CHEVROLET,SILVERADO,gauge cluster,1 total sold,1.3 days to sell one,$102,"Sun, 22-Jun-25",Speedometer Head/Instrument Cluster 2017 Denali Sku#4164684,2025-06-23
1999,DAEWOO,LEGANZA,headlights,1 total sold,4.6 months to sell one,$18,"Fri, 13-Jun-25",OPENBOX H1 OSRAM Night Breaker LASER Halogen Headlight Bulbs | Pack of 2 | MC420,2025-06-24
2007,JAGUAR,S-TYPE,dash vents,1 total sold,0.6 days to sell one,$35,"Wed, 18-Jun-25",Chrome Jag Jaguar License Plate Topper Badge Accessory Promo E Type,2025-06-25
