Year,Make,Model,Search Term,Total Sold,Time to Sell,Last Sold Price,Date Sold,Listing Title
1998,FORD,MUSTANG,intake manifold,8,1.1 months,$75,"Sat, 07-Jun-25",Ported 75mm 96-01 FORD EXPLORER 5.0L V8 GT40 OEM Intake Manifold ELBOW
1998,FORD,MUSTANG,intake manifold,1,1.9 months,$47,"Mon, 02-Jun-25",1996-1998 Ford Mustang V8 4.6L Engine Intake Manifold Bolts
1998,FORD,MUSTANG,intake manifold,1,13.0 days,$160,"Mon, 26-May-25",1996 1998 1997 Mustang Cobra 4.6L Intake Manifold Runner Control box IMRC 32V
1998,FORD,MUSTANG,dash vents,3,,$30,"Sun, 08-Jun-25",1994-2004 FORD MUSTANG A/C HEATER DASH VENT GRAY RH Pass OEM GREY
1998,FORD,MUSTANG,dash vents,11,1.1 months,$19,"Sun, 08-Jun-25",FORD MUSTANG DASH REGISTER A/C HEATER 1 VENT AIR DUCT GRILLE LIGHT GRAY 94-04
1998,FORD,MUSTANG,dash vents,1,5.0 days,$30,"Sun, 08-Jun-25",1994-2004 Ford Mustang SN95 LIGHT GRAY Dash Air Heat A/C HVAC Vent  PAIR OEM
1998,FORD,MUSTANG,headlights,1,28.4 days,$13,"Mon, 09-Jun-25",1999 Ford SVT Lightning Original Imp Brochure Specs Info 99 00 01 02 03 F150
1998,FORD,MUSTANG,headlights,1,1.0 month,$15,"Sat, 07-Jun-25",1969 MUSTANG MACH 1 ORIGINAL IMP BROCHURE 69 COBRA JET CJ I SPECS INFO POSTER★
1998,FORD,MUSTANG,headlights,1,19.1 days,$6,"Sat, 07-Jun-25",1966 Ford Shelby Mustang GT 350H Specs Info Photo 66 350 Fastback Hertz
1998,FORD,MUSTANG,throttle body,8,1.1 months,$75,"Sat, 07-Jun-25",Ported 75mm 96-01 FORD EXPLORER 5.0L V8 GT40 OEM Intake Manifold ELBOW
1998,FORD,MUSTANG,throttle body,1,3.0 months,$40,"Fri, 06-Jun-25",Throttle Body Throttle Valve Assembly Gasoline Fits 98-04 CROWN VICTORIA 143188
1998,FORD,MUSTANG,throttle body,4,3.3 months,$39,"Fri, 06-Jun-25",Throttle Body 2V Fit 96-04 Ford MUSTANG GT 4.6L SOHC Direct US Stock
1998,FORD,MUSTANG,tail lights,1,34.5 months,$20,"Thu, 05-Jun-25",1994-1998 Mustang Third Brake Light Wiring - F4ZB-13A613-QA
1998,FORD,MUSTANG,tail lights,1,6.4 days,$94,"Thu, 05-Jun-25",96-98 Mustang Gt Taillights Tail Lights Pair Left & Right Aa7340
1998,FORD,MUSTANG,tail lights,1,1.6 months,$55,"Tue, 03-Jun-25",1997  1998 Ford Mustang Cobra Coupe Tail Light Wiring Rear Body Harness
1998,FORD,MUSTANG,ecu ecm,288,,$200,"Thu, 05-Jun-25",Ford Mail-in REPAIR SERVICE Engine Computer ECM PCM ECU FAST
1998,FORD,MUSTANG,ecu ecm,20,,$200,"Tue, 03-Jun-25",Ford Mail-in REPAIR SERVICE Engine Computer ECM PCM ECU Repair & Return
1998,FORD,MUSTANG,ecu ecm,12,,$200,"Mon, 02-Jun-25",Ford P0135 P0141 P0155 P0161 P0403 P0443 Mail-in REPAIR SERVICE ECM PCM ECU
1998,FORD,MUSTANG,valve covers,1,1.1 months,$150,"Sat, 17-May-25",1996 - 1998 FORD MUSTANG COBRA 4.6 V8 32V DOHC 4V  VALVE COVERS
1998,FORD,MUSTANG,valve covers,1,4.8 months,$30,"Wed, 07-May-25",1996 97 98 Ford Mustang GT 4.6L Intake To Valve Cover Hose Tube OEM
1998,FORD,MUSTANG,valve covers,1,24.4 days,$150,"Fri, 02-May-25",1996 - 1998 FORD MUSTANG COBRA 4.6 V8 32V DOHC 4V  VALVE COVERS
1998,FORD,MUSTANG,gauge cluster,1,8.1 months,$180,"Sun, 08-Jun-25",1996-1998 Ford Mustang GT 150mph Instrument Gauge Cluster Speedo PARTS ONLY
1998,FORD,MUSTANG,gauge cluster,1,3.9 days,$150,"Sat, 07-Jun-25",96 97 98 Ford Mustang GT Instrument Speedometer Cluster 261K OEM
1998,FORD,MUSTANG,gauge cluster,1,18.0 days,$70,"Sat, 07-Jun-25",1994-2004 Ford Mustang Speedometer Gauge Cluster Trim Bezel BLACK w DEFROST
2005,FORD,MUSTANG,dash vents,1,6.6 days,$73,"Sun, 08-Jun-25",05 06 07 08 09 Ford Mustang AC A/C Center Dash Vents Silver Trim Bezel
2005,FORD,MUSTANG,dash vents,1,29.1 days,$35,"Sat, 07-Jun-25",2005-2009 Ford Mustang GT Dash AC Vent Trim Bezel Silver OEM
2005,FORD,MUSTANG,dash vents,1,7.0 days,$37,"Fri, 06-Jun-25",Vintage AAA Dash Mount Compass Accessory in Box Chevy Ford Pontiac Mercury Mopar
2005,FORD,MUSTANG,headlights,1,1.4 months,$79,"Sat, 07-Jun-25",Driver Left Headlight Halogen Fits 05-06 MUSTANG 1348869
2005,FORD,MUSTANG,headlights,1,13.1 months,$40,"Fri, 23-May-25",H13 9008 LED Headlight For Ford F150 2004-2014 F-250 F-350 Super Duty 2005-2022
2005,FORD,MUSTANG,headlights,116,,$14,"Thu, 22-May-25",OEM For Ford Lincoln Mercury Turn Signal Corner Light Bulb Lamp Socket Flasher
2005,FORD,MUSTANG,tail lights,1,3.7 days,$150,"Sun, 08-Jun-25",Raxiom Vector V2 LED Tail Lights Black Housing Smoked Lens (2005 - 2009 Mustang)
2005,FORD,MUSTANG,tail lights,1,6.6 days,$121,"Fri, 06-Jun-25",2005-2009 Ford Mustang Spyder LED Tail Light Pair Lights V83
2005,FORD,MUSTANG,tail lights,2,,$38,"Wed, 04-Jun-25",05-09 Ford Mustang Taillight Wiring Harness OEM With Some Bulbs Tested Working
2005,FORD,MUSTANG,throttle body,1,13.4 months,$340,"Tue, 03-Jun-25",SALE BBK Performance 1765 70mm Throttle Body For 05-10 Ford Mustang V6 4.0L
2005,FORD,MUSTANG,throttle body,1,4.7 months,$11,"Mon, 02-Jun-25",2004-10 Ford F150 Pickup Air Flow Meter (5.4l 3v) 3L3A-12B579-BA
2005,FORD,MUSTANG,throttle body,1,19.8 days,$33,"Thu, 29-May-25",OEM 2005 2006 2007 FORD F-150 EXPLORER MUSTANG 4.0L 4.6L Throttle Body AA5E-BB
2005,FORD,MUSTANG,intake manifold,1,12.9 days,$225,"Fri, 06-Jun-25",2005-2009 Ford Mustang GT 4.6 3V OEM Intake Manifold with Charge Motion Plates
2005,FORD,MUSTANG,intake manifold,1,26.5 days,$200,"Fri, 06-Jun-25",2005-2009 Ford Mustang GT 4.6 3V OEM Intake Manifold with Charge Motion Plates
2005,FORD,MUSTANG,intake manifold,1,5.1 days,$159,"Mon, 02-Jun-25",2005-2010 Ford Mustang 4.6L intake engine cover 7R3E-6A949-AD 2006 2007 2008
2005,FORD,MUSTANG,ecu ecm,1,4.9 months,$500,"Fri, 06-Jun-25",FORD MUSTANG GT ECM PCM Engine Control Module 4.6L M/T CDC3 OEM 2005
2005,FORD,MUSTANG,ecu ecm,288,,$200,"Thu, 05-Jun-25",Ford Mail-in REPAIR SERVICE Engine Computer ECM PCM ECU FAST
2005,FORD,MUSTANG,ecu ecm,39,1.6 months,$155,"Wed, 04-Jun-25",Ford Mustang ECU ECM Repair & Return  Ford Mustang ECU Repair
2005,FORD,MUSTANG,gauge cluster,90,,$66,"Fri, 06-Jun-25",CHEVY TRAILBLAZER Speedometer Gauge Instrument Cluster Gauge and Display Repair
2005,FORD,MUSTANG,gauge cluster,194,,$67,"Fri, 06-Jun-25",99-02 Chevy Silverado Speedometer Gauge Cluster LCD Display REPAIR Service
2005,FORD,MUSTANG,gauge cluster,65,,$70,"Thu, 05-Jun-25",2005 2006 2007 FORD MUSTANG Speedometer Instrument Panel Gauge Cluster REPAIR
2005,FORD,MUSTANG,valve covers,1,0.0 days,$85,"Thu, 05-Jun-25",Mustang 4.0 RT Valve Cover (2005-2010)
2005,FORD,MUSTANG,valve covers,1,11.2 days,$76,"Thu, 05-Jun-25",2009 Ford Mustang Valve Cover Left 4.0L V6 7H2E-6A505-AA OEM
2005,FORD,MUSTANG,valve covers,1,15.8 days,$95,"Thu, 05-Jun-25",Aluminum Valve Cover for Ford Expedition Explorer 05-10 Mustang 09-10 F-150 4.6L
1990,FORD,THUNDERBIRD,dash vents,1,7.0 days,$37,"Fri, 06-Jun-25",Vintage AAA Dash Mount Compass Accessory in Box Chevy Ford Pontiac Mercury Mopar
1990,FORD,THUNDERBIRD,dash vents,1,12.1 days,$20,"Thu, 05-Jun-25",Black 4 Speed Gear Shift Knob Handle Accessory Hot Rod Rat Rod Truck Dodge Ford
1990,FORD,THUNDERBIRD,dash vents,1,7.0 days,$8,"Thu, 05-Jun-25",Large Skull Gear Shift Knob Accessory Handle Pontiac Olds GM Pirate Ford AMC
1990,FORD,THUNDERBIRD,headlights,1,5.9 months,$75,"Sat, 07-Jun-25",1955-1960 Ford F100 Pickup Truck Headlight Switch Assembly Knob Dash F250 F350
1990,FORD,THUNDERBIRD,headlights,1,8.9 months,$40,"Tue, 03-Jun-25",LOT of Chrysler Cordoba fender Lights Orange marker Lamps Bezels chrome Housings
1990,FORD,THUNDERBIRD,headlights,1,12.9 days,$160,"Mon, 02-Jun-25",84 85 86 87 BUICK GNX GRAND NATIONAL T TYPE ALUMINUM REAR BRAKE DRUM 1255496 #1
1990,FORD,THUNDERBIRD,tail lights,1,12.9 days,$160,"Mon, 02-Jun-25",84 85 86 87 BUICK GNX GRAND NATIONAL T TYPE ALUMINUM REAR BRAKE DRUM 1255496 #1
1990,FORD,THUNDERBIRD,tail lights,1,12.9 days,$160,"Mon, 02-Jun-25",84 85 86 87 BUICK GNX GRAND NATIONAL T TYPE ALUMINUM REAR BRAKE DRUM 1255496 #2
1990,FORD,THUNDERBIRD,tail lights,1,2.0 months,$36,"Sun, 01-Jun-25",1989-91 Ford Thunderbird RH Tail Light Assembly Exc. Super Coupe; Ends
1990,FORD,THUNDERBIRD,throttle body,1,1.6 months,$50,"Mon, 02-Jun-25",Throttle Body Throttle Valve Assembly Fits 89-90 COUGAR 57041
1990,FORD,THUNDERBIRD,throttle body,1,0.8 days,$15,"Tue, 08-Apr-25",ROBB REPORT DEC 1990 HOLIDAY ISSUE MERCEDES AMG SL GIFTS LIFESTYLE
1990,FORD,THUNDERBIRD,intake manifold,1,0.0 days,$60,"Tue, 03-Jun-25",86-93 Ford Mustang 5.0 L  HO EFI Lower Intake Manifold V8 Fuel Injection SBF
1990,FORD,THUNDERBIRD,intake manifold,1,6.7 days,$60,"Tue, 03-Jun-25",86-93 Ford Mustang 5.0 L  HO EFI Lower Intake Manifold V8 Fuel Injection SBF
1990,FORD,THUNDERBIRD,intake manifold,1,12.9 days,$160,"Mon, 02-Jun-25",84 85 86 87 BUICK GNX GRAND NATIONAL T TYPE ALUMINUM REAR BRAKE DRUM 1255496 #1
1990,FORD,THUNDERBIRD,ecu ecm,2,29.3 months,$95,"Tue, 06-May-25",F1MF-12A650-HA Ford Thunderbird or Mercury Cougar  1990-1993 ecm ecu computer
1990,FORD,THUNDERBIRD,gauge cluster,2,4.6 months,$50,"Sat, 31-May-25",1989-1993 Ford Thunderbird Super Coupe Cougar Xr7 Cluster Anti Slosh Module OEM
1990,FORD,THUNDERBIRD,gauge cluster,29,3.2 months,$95,"Mon, 12-May-25","INSTRUMENT CLUSTER REPAIR SERVICE FOR 1989-1997 FORD THUNDERBIRD, CROWN VICTORIA"
1990,FORD,THUNDERBIRD,gauge cluster,1,2.5 months,$80,"Thu, 08-May-25",1957 Mercury Turnpike Cruiser Speedometer Cluster Assembly FUEL TEMP 57 58 MERC
1990,FORD,THUNDERBIRD,valve covers,1,1.5 months,$50,"Mon, 07-Apr-25",ONE ORIGINAL FORD 302 VALVE COVER WITH FILLER NECK FILL TUBE 5.0 HO MUSTANG F150
1990,FORD,THUNDERBIRD,valve covers,8,11.1 months,$80,"Fri, 28-Mar-25",1989 90 91 92 1993 Thunderbird SC Valve Cover LH Driver Side 3.8L Super Coupe
1991,FORD,THUNDERBIRD,dash vents,1,19.2 days,$18,"Sun, 01-Jun-25",Vintage Ford Leather Key Ring key Fob Key Chain Accessory French
1991,FORD,THUNDERBIRD,dash vents,1,7.7 days,$23,"Sun, 01-Jun-25",Vintage Ford Screw Back Crest Hat Lapel Pin Accessory Logo FoMoCo Truck Hot Rod
1991,FORD,THUNDERBIRD,dash vents,1,1.4 days,$24,"Sat, 31-May-25",Vintage 1956 Ford pace Setters Club Screw Back Hat Lapel Pin Accessory
1991,FORD,THUNDERBIRD,tail lights,1,12.9 days,$160,"Mon, 02-Jun-25",84 85 86 87 BUICK GNX GRAND NATIONAL T TYPE ALUMINUM REAR BRAKE DRUM 1255496 #1
1991,FORD,THUNDERBIRD,tail lights,1,12.9 days,$160,"Mon, 02-Jun-25",84 85 86 87 BUICK GNX GRAND NATIONAL T TYPE ALUMINUM REAR BRAKE DRUM 1255496 #2
1991,FORD,THUNDERBIRD,tail lights,1,2.0 months,$36,"Sun, 01-Jun-25",1989-91 Ford Thunderbird RH Tail Light Assembly Exc. Super Coupe; Ends
1991,FORD,THUNDERBIRD,headlights,30,2.9 months,$80,"Fri, 23-May-25",Eaton M90 Supercharger Top 1989-1995 Thunderbird SC 3.8L Cougar XR7
1991,FORD,THUNDERBIRD,headlights,1,15.5 months,$42,"Thu, 27-Mar-25",1989-1993 FORD THUNDERBIRD RIGHT RH PASSENGER SIDE HEADLIGHT LAMP ASSEMBLY OEM
1991,FORD,THUNDERBIRD,headlights,1,2.6 months,$39,"Thu, 27-Mar-25","Ford Thunderbird, 1989, 1990, 1991, 1992, 1993,  Left Front Driver Headlight"
1991,FORD,THUNDERBIRD,throttle body,1,7.6 days,$44,"Sun, 04-May-25",MERCEDES W126 GRAB BAG DOOR PARTS 1981-1991 380SEL 500SEL 420SEL 560SEL 300SE
1991,FORD,THUNDERBIRD,throttle body,1,1.9 months,$92,"Sun, 04-May-25",1991 1995 Ford Thunderbird Mercury Cougar 3.8L 5.0L Non-Heated Throttle Body
1991,FORD,THUNDERBIRD,throttle body,1,5.0 days,$13,"Thu, 01-May-25",ROBB REPORT AUG 1991 - VECTOR W8 /MERCEDES 600SEL/ BENTLEY  CONTINENTAL R /LAMBO
1991,FORD,THUNDERBIRD,valve covers,1,1.5 months,$50,"Mon, 07-Apr-25",ONE ORIGINAL FORD 302 VALVE COVER WITH FILLER NECK FILL TUBE 5.0 HO MUSTANG F150
1991,FORD,THUNDERBIRD,valve covers,8,11.1 months,$80,"Fri, 28-Mar-25",1989 90 91 92 1993 Thunderbird SC Valve Cover LH Driver Side 3.8L Super Coupe
1991,FORD,THUNDERBIRD,intake manifold,1,0.0 days,$60,"Tue, 03-Jun-25",86-93 Ford Mustang 5.0 L  HO EFI Lower Intake Manifold V8 Fuel Injection SBF
1991,FORD,THUNDERBIRD,intake manifold,1,6.7 days,$60,"Tue, 03-Jun-25",86-93 Ford Mustang 5.0 L  HO EFI Lower Intake Manifold V8 Fuel Injection SBF
1991,FORD,THUNDERBIRD,intake manifold,1,12.9 days,$160,"Mon, 02-Jun-25",84 85 86 87 BUICK GNX GRAND NATIONAL T TYPE ALUMINUM REAR BRAKE DRUM 1255496 #1
1991,FORD,THUNDERBIRD,ecu ecm,1,1.3 months,$30,"Sun, 08-Jun-25",ENGINE COMPUTER FORD THUNDERBIRD 1991 F1MF-12A650-HA SM0-101 PCM ECM ECU OEM
1991,FORD,THUNDERBIRD,gauge cluster,2,4.6 months,$50,"Sat, 31-May-25",1989-1993 Ford Thunderbird Super Coupe Cougar Xr7 Cluster Anti Slosh Module OEM
1991,FORD,THUNDERBIRD,gauge cluster,29,3.2 months,$95,"Mon, 12-May-25","INSTRUMENT CLUSTER REPAIR SERVICE FOR 1989-1997 FORD THUNDERBIRD, CROWN VICTORIA"
1991,FORD,THUNDERBIRD,gauge cluster,1,7.6 days,$44,"Sun, 04-May-25",MERCEDES W126 GRAB BAG DOOR PARTS 1981-1991 380SEL 500SEL 420SEL 560SEL 300SE
2000,FORD,MUSTANG,dash vents,3,,$30,"Sun, 08-Jun-25",1994-2004 FORD MUSTANG A/C HEATER DASH VENT GRAY RH Pass OEM GREY
2000,FORD,MUSTANG,dash vents,11,1.1 months,$19,"Sun, 08-Jun-25",FORD MUSTANG DASH REGISTER A/C HEATER 1 VENT AIR DUCT GRILLE LIGHT GRAY 94-04
2000,FORD,MUSTANG,dash vents,1,5.0 days,$30,"Sun, 08-Jun-25",1994-2004 Ford Mustang SN95 LIGHT GRAY Dash Air Heat A/C HVAC Vent  PAIR OEM
2000,FORD,MUSTANG,throttle body,8,1.1 months,$75,"Sat, 07-Jun-25",Ported 75mm 96-01 FORD EXPLORER 5.0L V8 GT40 OEM Intake Manifold ELBOW
2000,FORD,MUSTANG,throttle body,1,3.0 months,$40,"Fri, 06-Jun-25",Throttle Body Throttle Valve Assembly Gasoline Fits 98-04 CROWN VICTORIA 143188
2000,FORD,MUSTANG,throttle body,1,18.4 months,$38,"Fri, 06-Jun-25",75mm Throttle Body Direct For 1996-2004 Ford Mustang GT 4.6L SOHC GAS
2000,FORD,MUSTANG,headlights,1,1.0 month,$15,"Sat, 07-Jun-25",1969 MUSTANG MACH 1 ORIGINAL IMP BROCHURE 69 COBRA JET CJ I SPECS INFO POSTER★
2000,FORD,MUSTANG,headlights,1,19.1 days,$6,"Sat, 07-Jun-25",1966 Ford Shelby Mustang GT 350H Specs Info Photo 66 350 Fastback Hertz
2000,FORD,MUSTANG,headlights,1,26.8 days,$40,"Fri, 06-Jun-25",Ford Mustang GT 2004 Front Right Passenger Headlight Light Lamp 99-04 |
2000,FORD,MUSTANG,intake manifold,8,1.1 months,$75,"Sat, 07-Jun-25",Ported 75mm 96-01 FORD EXPLORER 5.0L V8 GT40 OEM Intake Manifold ELBOW
2000,FORD,MUSTANG,intake manifold,1,1.6 months,$170,"Tue, 03-Jun-25",1999-2000 Ford Mustang V6 3.8 Lower Intake Manifold
2000,FORD,MUSTANG,intake manifold,1,4.0 months,$75,"Fri, 30-May-25",Volant 15742 Cold Air Intake 06-08 GM Envoy Trailblazer 4.2L BOX & TUBE O NLY
2000,FORD,MUSTANG,tail lights,1,1.0 month,$15,"Sat, 07-Jun-25",1969 MUSTANG MACH 1 ORIGINAL IMP BROCHURE 69 COBRA JET CJ I SPECS INFO POSTER★
2000,FORD,MUSTANG,tail lights,1,19.1 days,$6,"Sat, 07-Jun-25",1966 Ford Shelby Mustang GT 350H Specs Info Photo 66 350 Fastback Hertz
2000,FORD,MUSTANG,tail lights,1,2.7 days,$66,"Fri, 06-Jun-25",1999-2004 Ford Mustang GT OEM Trunk Third Brake Light SN95 4th Gen MK4 99-04
2000,FORD,MUSTANG,ecu ecm,288,,$200,"Thu, 05-Jun-25",Ford Mail-in REPAIR SERVICE Engine Computer ECM PCM ECU FAST
2000,FORD,MUSTANG,ecu ecm,39,1.6 months,$155,"Wed, 04-Jun-25",Ford Mustang ECU ECM Repair & Return  Ford Mustang ECU Repair
2000,FORD,MUSTANG,ecu ecm,1,8.4 months,$40,"Wed, 04-Jun-25",2000 Ford Mustang 3.8L V6 Aut ECM ECU Wiring Harness Plug Connector OEM.
2000,FORD,MUSTANG,gauge cluster,1,18.0 days,$70,"Sat, 07-Jun-25",1994-2004 Ford Mustang Speedometer Gauge Cluster Trim Bezel BLACK w DEFROST
2000,FORD,MUSTANG,gauge cluster,1,16.3 days,$76,"Fri, 06-Jun-25",94-04 Ford Mustang Speedometer Gauge Cluster Trim Bezel GRAY w DEFROST Read
2000,FORD,MUSTANG,gauge cluster,37,1.1 months,$120,"Thu, 05-Jun-25",1999-2004 Mustang GT 4.6 Gauge Cluster 150 MPH Speedometer Upgrade OEM New Edge
2000,FORD,MUSTANG,valve covers,1,17.6 months,$28,"Fri, 06-Jun-25",1999-2004 Ford Mustang 3.8L OEM LH driver side valve cover 99 00 01 02 03 04
2000,FORD,MUSTANG,valve covers,2,21.0 months,$58,"Mon, 19-May-25",1999 00 01 02 03 2004 Ford MUSTANG 3.8 V6 Valve Cover Set F75E-6583-BA  F7UE-6A5
2000,FORD,MUSTANG,valve covers,1,6.2 months,$26,"Thu, 15-May-25",4pcs Hex Fit Mustang Car Wheels Tire Air Valve Caps Stem Dust Cover Decor Silver
2001,FORD,MUSTANG,dash vents,3,,$30,"Sun, 08-Jun-25",1994-2004 FORD MUSTANG A/C HEATER DASH VENT GRAY RH Pass OEM GREY
2001,FORD,MUSTANG,dash vents,11,1.1 months,$19,"Sun, 08-Jun-25",FORD MUSTANG DASH REGISTER A/C HEATER 1 VENT AIR DUCT GRILLE LIGHT GRAY 94-04
2001,FORD,MUSTANG,dash vents,1,5.0 days,$30,"Sun, 08-Jun-25",1994-2004 Ford Mustang SN95 LIGHT GRAY Dash Air Heat A/C HVAC Vent  PAIR OEM
2001,FORD,MUSTANG,tail lights,1,1.0 month,$15,"Sat, 07-Jun-25",1969 MUSTANG MACH 1 ORIGINAL IMP BROCHURE 69 COBRA JET CJ I SPECS INFO POSTER★
2001,FORD,MUSTANG,tail lights,1,19.1 days,$6,"Sat, 07-Jun-25",1966 Ford Shelby Mustang GT 350H Specs Info Photo 66 350 Fastback Hertz
2001,FORD,MUSTANG,tail lights,1,2.7 days,$66,"Fri, 06-Jun-25",1999-2004 Ford Mustang GT OEM Trunk Third Brake Light SN95 4th Gen MK4 99-04
2001,FORD,MUSTANG,headlights,1,26.8 days,$40,"Fri, 06-Jun-25",Ford Mustang GT 2004 Front Right Passenger Headlight Light Lamp 99-04 |
2001,FORD,MUSTANG,headlights,1,5.9 days,$50,"Tue, 03-Jun-25",For 1999-2004 Ford Mustang SVT Black Headlights Assembly Amber Corner Lamps Set
2001,FORD,MUSTANG,headlights,1,21.4 days,$99,"Mon, 02-Jun-25",Driver Left Headlight Fits 01-04 MUSTANG 206993
2001,FORD,MUSTANG,throttle body,1,20.7 months,$15,"Sat, 07-Jun-25",2001 - 2007 FORD ESCAPE 3.0L Mass Air Flow Meter Sensor Maf OEM
2001,FORD,MUSTANG,throttle body,8,1.1 months,$75,"Sat, 07-Jun-25",Ported 75mm 96-01 FORD EXPLORER 5.0L V8 GT40 OEM Intake Manifold ELBOW
2001,FORD,MUSTANG,throttle body,1,3.0 months,$40,"Fri, 06-Jun-25",Throttle Body Throttle Valve Assembly Gasoline Fits 98-04 CROWN VICTORIA 143188
2001,FORD,MUSTANG,intake manifold,1,23.2 days,$750,"Fri, 30-May-25",03 04 2003 2004 cobra mustang mach 1 99 1999 01 2001 intake manifold new
2001,FORD,MUSTANG,intake manifold,1,13.2 days,$400,"Wed, 28-May-25","1999/2001 Ford Mustang Cobra Intake Manifold, will fit Mach 1"
2001,FORD,MUSTANG,intake manifold,1,25.9 days,"$1,100","Sat, 24-May-25",1999-04 FORD MUSTANG 4.6 2V P51 INTAKE BBK THROTTLE BODY AEROMOTIVE FUEL RAIL
2001,FORD,MUSTANG,ecu ecm,1,1.4 months,$40,"Sat, 07-Jun-25",Engine Computer 2001 Ford Mustang GT ECU ECM Module 1R3F-12A650-LB NUX1 OEM
2001,FORD,MUSTANG,ecu ecm,1,11.6 days,$225,"Sat, 07-Jun-25",2001 MUSTANG SVT COBRA 4.6 ENGINE COMPUTER MSE3 OEM  ECU ECM
2001,FORD,MUSTANG,ecu ecm,288,,$200,"Thu, 05-Jun-25",Ford Mail-in REPAIR SERVICE Engine Computer ECM PCM ECU FAST
2001,FORD,MUSTANG,gauge cluster,1,18.0 days,$70,"Sat, 07-Jun-25",1994-2004 Ford Mustang Speedometer Gauge Cluster Trim Bezel BLACK w DEFROST
2001,FORD,MUSTANG,gauge cluster,1,16.3 days,$76,"Fri, 06-Jun-25",94-04 Ford Mustang Speedometer Gauge Cluster Trim Bezel GRAY w DEFROST Read
2001,FORD,MUSTANG,gauge cluster,37,1.1 months,$120,"Thu, 05-Jun-25",1999-2004 Mustang GT 4.6 Gauge Cluster 150 MPH Speedometer Upgrade OEM New Edge
2002,FORD,MUSTANG,dash vents,3,,$30,"Sun, 08-Jun-25",1994-2004 FORD MUSTANG A/C HEATER DASH VENT GRAY RH Pass OEM GREY
2002,FORD,MUSTANG,dash vents,11,1.1 months,$19,"Sun, 08-Jun-25",FORD MUSTANG DASH REGISTER A/C HEATER 1 VENT AIR DUCT GRILLE LIGHT GRAY 94-04
2002,FORD,MUSTANG,dash vents,1,5.0 days,$30,"Sun, 08-Jun-25",1994-2004 Ford Mustang SN95 LIGHT GRAY Dash Air Heat A/C HVAC Vent  PAIR OEM
2001,FORD,MUSTANG,valve covers,1,17.6 months,$28,"Fri, 06-Jun-25",1999-2004 Ford Mustang 3.8L OEM LH driver side valve cover 99 00 01 02 03 04
2001,FORD,MUSTANG,valve covers,1,2.3 days,$300,"Tue, 27-May-25",2001 - 04 Ford Mustang 4.6 GT Factory OEM Valve Covers 11 Bolt With Hardware
2001,FORD,MUSTANG,valve covers,1,3.0 months,$300,"Fri, 23-May-25",2001 - 04 Ford Mustang 4.6 GT Factory OEM Valve Covers 11 Bolt With Hardware
2002,FORD,MUSTANG,headlights,1,26.8 days,$40,"Fri, 06-Jun-25",Ford Mustang GT 2004 Front Right Passenger Headlight Light Lamp 99-04 |
2002,FORD,MUSTANG,headlights,1,5.9 days,$50,"Tue, 03-Jun-25",For 1999-2004 Ford Mustang SVT Black Headlights Assembly Amber Corner Lamps Set
2002,FORD,MUSTANG,headlights,1,21.4 days,$99,"Mon, 02-Jun-25",Driver Left Headlight Fits 01-04 MUSTANG 206993
2002,FORD,MUSTANG,throttle body,1,20.7 months,$15,"Sat, 07-Jun-25",2001 - 2007 FORD ESCAPE 3.0L Mass Air Flow Meter Sensor Maf OEM
2002,FORD,MUSTANG,throttle body,1,15.5 months,$107,"Fri, 06-Jun-25",Genuine Throttle Body 2R3U-BA F8ZU-AF F8ZU-AE for 1998-2004 Ford Lincoln Mercury
2002,FORD,MUSTANG,throttle body,1,18.4 months,$38,"Fri, 06-Jun-25",75mm Throttle Body Direct For 1996-2004 Ford Mustang GT 4.6L SOHC GAS
2002,FORD,MUSTANG,tail lights,1,1.0 month,$15,"Sat, 07-Jun-25",1969 MUSTANG MACH 1 ORIGINAL IMP BROCHURE 69 COBRA JET CJ I SPECS INFO POSTER★
2002,FORD,MUSTANG,tail lights,1,19.1 days,$6,"Sat, 07-Jun-25",1966 Ford Shelby Mustang GT 350H Specs Info Photo 66 350 Fastback Hertz
2002,FORD,MUSTANG,tail lights,1,2.7 days,$66,"Fri, 06-Jun-25",1999-2004 Ford Mustang GT OEM Trunk Third Brake Light SN95 4th Gen MK4 99-04
2002,FORD,MUSTANG,ecu ecm,288,,$200,"Thu, 05-Jun-25",Ford Mail-in REPAIR SERVICE Engine Computer ECM PCM ECU FAST
2002,FORD,MUSTANG,ecu ecm,39,1.6 months,$155,"Wed, 04-Jun-25",Ford Mustang ECU ECM Repair & Return  Ford Mustang ECU Repair
2002,FORD,MUSTANG,ecu ecm,20,,$200,"Tue, 03-Jun-25",Ford Mail-in REPAIR SERVICE Engine Computer ECM PCM ECU Repair & Return
2002,FORD,MUSTANG,intake manifold,1,4.0 months,$75,"Fri, 30-May-25",Volant 15742 Cold Air Intake 06-08 GM Envoy Trailblazer 4.2L BOX & TUBE O NLY
2002,FORD,MUSTANG,intake manifold,1,25.9 days,"$1,100","Sat, 24-May-25",1999-04 FORD MUSTANG 4.6 2V P51 INTAKE BBK THROTTLE BODY AEROMOTIVE FUEL RAIL
2002,FORD,MUSTANG,intake manifold,1,11.1 days,$175,"Mon, 12-May-25",99-04 Mustang GT V8 4.6L Intake Air Box Cleaner Tube Filter Housing MAF 979
2002,FORD,MUSTANG,gauge cluster,1,18.0 days,$70,"Sat, 07-Jun-25",1994-2004 Ford Mustang Speedometer Gauge Cluster Trim Bezel BLACK w DEFROST
2002,FORD,MUSTANG,gauge cluster,1,16.3 days,$76,"Fri, 06-Jun-25",94-04 Ford Mustang Speedometer Gauge Cluster Trim Bezel GRAY w DEFROST Read
2002,FORD,MUSTANG,gauge cluster,37,1.1 months,$120,"Thu, 05-Jun-25",1999-2004 Mustang GT 4.6 Gauge Cluster 150 MPH Speedometer Upgrade OEM New Edge
2002,FORD,MUSTANG,valve covers,1,17.6 months,$28,"Fri, 06-Jun-25",1999-2004 Ford Mustang 3.8L OEM LH driver side valve cover 99 00 01 02 03 04
2002,FORD,MUSTANG,valve covers,1,7.3 days,$120,"Mon, 26-May-25",2002-2004 FORD F-150 LEFT SIDE ENGINE VALVE COVER 2C2Z-6582-CB OEM
2002,FORD,MUSTANG,valve covers,2,21.0 months,$58,"Mon, 19-May-25",1999 00 01 02 03 2004 Ford MUSTANG 3.8 V6 Valve Cover Set F75E-6583-BA  F7UE-6A5
1996,FORD,MUSTANG,dash vents,3,,$30,"Sun, 08-Jun-25",1994-2004 FORD MUSTANG A/C HEATER DASH VENT GRAY RH Pass OEM GREY
1996,FORD,MUSTANG,dash vents,11,1.1 months,$19,"Sun, 08-Jun-25",FORD MUSTANG DASH REGISTER A/C HEATER 1 VENT AIR DUCT GRILLE LIGHT GRAY 94-04
1996,FORD,MUSTANG,dash vents,1,5.0 days,$30,"Sun, 08-Jun-25",1994-2004 Ford Mustang SN95 LIGHT GRAY Dash Air Heat A/C HVAC Vent  PAIR OEM
1996,FORD,MUSTANG,headlights,1,2.0 months,$35,"Fri, 23-May-25",Sylvania 9007 LED Powersport Headlight Bulbs for Off-Road Use /Fog Lights
1996,FORD,MUSTANG,headlights,1,5.7 months,$25,"Tue, 20-May-25",94-98 Mustang Headlight Panel Center Support Mounting Brackets Fender Aa7261
1996,FORD,MUSTANG,headlights,1,34.3 months,$12,"Thu, 15-May-25",96 97 98 1996 1997 FORD MUSTANG TAIL LIGHT BULB SOCKET HARNESS PLUG 4 WIRE K1697
1996,FORD,MUSTANG,tail lights,1,34.5 months,$20,"Thu, 05-Jun-25",1994-1998 Mustang Third Brake Light Wiring - F4ZB-13A613-QA
1996,FORD,MUSTANG,tail lights,1,6.4 days,$94,"Thu, 05-Jun-25",96-98 Mustang Gt Taillights Tail Lights Pair Left & Right Aa7340
1996,FORD,MUSTANG,tail lights,1,3.2 months,$41,"Mon, 02-Jun-25",1996-1998 Ford Mustang Passenger Right Side Tail Light Taillight Oem JU632
1996,FORD,MUSTANG,throttle body,8,1.1 months,$75,"Sat, 07-Jun-25",Ported 75mm 96-01 FORD EXPLORER 5.0L V8 GT40 OEM Intake Manifold ELBOW
1996,FORD,MUSTANG,throttle body,1,18.4 months,$38,"Fri, 06-Jun-25",75mm Throttle Body Direct For 1996-2004 Ford Mustang GT 4.6L SOHC GAS
1996,FORD,MUSTANG,throttle body,4,3.3 months,$39,"Fri, 06-Jun-25",Throttle Body 2V Fit 96-04 Ford MUSTANG GT 4.6L SOHC Direct US Stock
1996,FORD,MUSTANG,intake manifold,1,1.9 months,$47,"Mon, 02-Jun-25",1996-1998 Ford Mustang V8 4.6L Engine Intake Manifold Bolts
1996,FORD,MUSTANG,intake manifold,1,13.0 days,$160,"Mon, 26-May-25",1996 1998 1997 Mustang Cobra 4.6L Intake Manifold Runner Control box IMRC 32V
1996,FORD,MUSTANG,intake manifold,1,29.7 days,$130,"Sat, 17-May-25",1996-1998 1997 Mustang Cobra Intake Manifold Runner Control Plates IMRC delete
1996,FORD,MUSTANG,ecu ecm,288,,$200,"Thu, 05-Jun-25",Ford Mail-in REPAIR SERVICE Engine Computer ECM PCM ECU FAST
1996,FORD,MUSTANG,ecu ecm,39,1.6 months,$155,"Wed, 04-Jun-25",Ford Mustang ECU ECM Repair & Return  Ford Mustang ECU Repair
1996,FORD,MUSTANG,ecu ecm,20,,$200,"Tue, 03-Jun-25",Ford Mail-in REPAIR SERVICE Engine Computer ECM PCM ECU Repair & Return
1996,FORD,MUSTANG,gauge cluster,1,8.1 months,$180,"Sun, 08-Jun-25",1996-1998 Ford Mustang GT 150mph Instrument Gauge Cluster Speedo PARTS ONLY
1996,FORD,MUSTANG,gauge cluster,1,3.9 days,$150,"Sat, 07-Jun-25",96 97 98 Ford Mustang GT Instrument Speedometer Cluster 261K OEM
1996,FORD,MUSTANG,gauge cluster,1,18.0 days,$70,"Sat, 07-Jun-25",1994-2004 Ford Mustang Speedometer Gauge Cluster Trim Bezel BLACK w DEFROST
1996,FORD,MUSTANG,valve covers,1,1.5 months,$57,"Sat, 07-Jun-25",1996-2004 Ford Mustang 4.6 Factory 11 Bolt Valve Cover Bolts Romeo Dipstick Stud
1996,FORD,MUSTANG,valve covers,2,1.3 months,$40,"Wed, 04-Jun-25",1996-2004 Ford MUSTANG SVT 32V Valve Cover Bolts 4.6 DOHC  Factory Set OEM
1996,FORD,MUSTANG,valve covers,1,1.5 months,$57,"Mon, 02-Jun-25",1996-2004 Ford Mustang 4.6 Factory 11 Bolt Valve Cover Bolts Romeo Used OEM
2004,FORD,MUSTANG,dash vents,3,,$30,"Sun, 08-Jun-25",1994-2004 FORD MUSTANG A/C HEATER DASH VENT GRAY RH Pass OEM GREY
2004,FORD,MUSTANG,dash vents,11,1.1 months,$19,"Sun, 08-Jun-25",FORD MUSTANG DASH REGISTER A/C HEATER 1 VENT AIR DUCT GRILLE LIGHT GRAY 94-04
2004,FORD,MUSTANG,dash vents,1,0.1 days,$15,"Sun, 08-Jun-25",1994-2004 Ford Mustang Center Right Left Dash Vent A/C AC Heater Vent Black OEM
2004,FORD,MUSTANG,headlights,1,26.8 days,$40,"Fri, 06-Jun-25",Ford Mustang GT 2004 Front Right Passenger Headlight Light Lamp 99-04 |
2004,FORD,MUSTANG,headlights,1,5.9 days,$50,"Tue, 03-Jun-25",For 1999-2004 Ford Mustang SVT Black Headlights Assembly Amber Corner Lamps Set
2004,FORD,MUSTANG,headlights,1,21.4 days,$99,"Mon, 02-Jun-25",Driver Left Headlight Fits 01-04 MUSTANG 206993
2004,FORD,MUSTANG,throttle body,1,20.7 months,$15,"Sat, 07-Jun-25",2001 - 2007 FORD ESCAPE 3.0L Mass Air Flow Meter Sensor Maf OEM
2004,FORD,MUSTANG,throttle body,1,15.5 months,$107,"Fri, 06-Jun-25",Genuine Throttle Body 2R3U-BA F8ZU-AF F8ZU-AE for 1998-2004 Ford Lincoln Mercury
2004,FORD,MUSTANG,throttle body,1,18.4 months,$38,"Fri, 06-Jun-25",75mm Throttle Body Direct For 1996-2004 Ford Mustang GT 4.6L SOHC GAS
2004,FORD,MUSTANG,tail lights,1,2.7 days,$66,"Fri, 06-Jun-25",1999-2004 Ford Mustang GT OEM Trunk Third Brake Light SN95 4th Gen MK4 99-04
2004,FORD,MUSTANG,tail lights,1,1.1 months,$50,"Fri, 06-Jun-25",1999-2004 Ford Mustang GT Tail Lights  OEM Ford  Original  2002
2004,FORD,MUSTANG,tail lights,4,9.5 months,$30,"Tue, 03-Jun-25",1999-2004 Mustang right or Left side Taillight Tail Light Harness Used OEM
2004,FORD,MUSTANG,intake manifold,1,17.9 days,"$1,100","Tue, 03-Jun-25",1999-2004 Ford Mustang 4.6L Professional Products Intake Manifold 2V GT Typhoon
2004,FORD,MUSTANG,intake manifold,1,2.7 days,$863,"Sun, 01-Jun-25",2003 - 2004 MUSTANG COBRA LOWER INTAKE MANIFOLD & BOLTS OEM SKU# i37
2004,FORD,MUSTANG,intake manifold,1,23.2 days,$750,"Fri, 30-May-25",03 04 2003 2004 cobra mustang mach 1 99 1999 01 2001 intake manifold new
2004,FORD,MUSTANG,ecu ecm,288,,$200,"Thu, 05-Jun-25",Ford Mail-in REPAIR SERVICE Engine Computer ECM PCM ECU FAST
2004,FORD,MUSTANG,ecu ecm,39,1.6 months,$155,"Wed, 04-Jun-25",Ford Mustang ECU ECM Repair & Return  Ford Mustang ECU Repair
2004,FORD,MUSTANG,ecu ecm,20,,$200,"Tue, 03-Jun-25",Ford Mail-in REPAIR SERVICE Engine Computer ECM PCM ECU Repair & Return
2004,FORD,MUSTANG,gauge cluster,1,9.8 days,$40,"Sun, 08-Jun-25",1999-2004 Ford Mustang Speedometer Gauge Cluster Bezel Black with Defrost
2004,FORD,MUSTANG,gauge cluster,1,18.0 days,$70,"Sat, 07-Jun-25",1994-2004 Ford Mustang Speedometer Gauge Cluster Trim Bezel BLACK w DEFROST
2004,FORD,MUSTANG,gauge cluster,1,2.9 months,$45,"Fri, 06-Jun-25",1994-2004 Ford Mustang Gauge Cluster Bezel Trim - Black
2004,FORD,MUSTANG,valve covers,1,1.5 months,$57,"Sat, 07-Jun-25",1996-2004 Ford Mustang 4.6 Factory 11 Bolt Valve Cover Bolts Romeo Dipstick Stud
2004,FORD,MUSTANG,valve covers,1,17.6 months,$28,"Fri, 06-Jun-25",1999-2004 Ford Mustang 3.8L OEM LH driver side valve cover 99 00 01 02 03 04
2004,FORD,MUSTANG,valve covers,2,1.3 months,$40,"Wed, 04-Jun-25",1996-2004 Ford MUSTANG SVT 32V Valve Cover Bolts 4.6 DOHC  Factory Set OEM
2008,FORD,MUSTANG,dash vents,1,6.6 days,$73,"Sun, 08-Jun-25",05 06 07 08 09 Ford Mustang AC A/C Center Dash Vents Silver Trim Bezel
2008,FORD,MUSTANG,dash vents,1,7.0 days,$37,"Fri, 06-Jun-25",Vintage AAA Dash Mount Compass Accessory in Box Chevy Ford Pontiac Mercury Mopar
2008,FORD,MUSTANG,dash vents,2,1.7 days,$21,"Fri, 06-Jun-25",FORD MUSTANG DASH REGISTER A/C HEATER 1 VENT AIR OUTLET DUCT SILVER 2005-2009
2008,FORD,MUSTANG,headlights,2,1.4 months,$75,"Mon, 02-Jun-25",OEM Right Passenger Side Halogen Headlamp For Ford Mustang 7R3Z-13008-C
2008,FORD,MUSTANG,headlights,1,2.9 months,$379,"Fri, 23-May-25",2007 2008 2009 Ford Mustang Shelby GT500 Headlight Xenon HID RH Right Side OEM
2008,FORD,MUSTANG,headlights,1,10.1 days,$174,"Fri, 23-May-25",07-09 FORD MUSTANG SHELBY GT500 OE RH PASSENGER HEADLIGHT ASSEMBLY 8R3V-13005-BD
2008,FORD,MUSTANG,tail lights,1,1.0 month,$15,"Sat, 07-Jun-25",1969 MUSTANG MACH 1 ORIGINAL IMP BROCHURE 69 COBRA JET CJ I SPECS INFO POSTER★
2008,FORD,MUSTANG,tail lights,1,19.1 days,$6,"Sat, 07-Jun-25",1966 Ford Shelby Mustang GT 350H Specs Info Photo 66 350 Fastback Hertz
2008,FORD,MUSTANG,tail lights,25,,$25,"Sat, 07-Jun-25",08- 09 OEM OSRAM Joule L1224R LED Bulb Ford Mustang Taurus X Mercury Mountaineer
2008,FORD,MUSTANG,throttle body,9,1.5 months,$15,"Tue, 03-Jun-25",2006 to  2012 LINCOLN MKS Ford Flex Fusion Milan Throttle Body Wire Pigtail
2008,FORD,MUSTANG,throttle body,1,1.6 months,$50,"Tue, 03-Jun-25",2006 2007 2008 FORD Mustang 4.6L Throttle Body OEM 86K miles  2006 FORD Mustang
2008,FORD,MUSTANG,throttle body,1,4.7 months,$11,"Mon, 02-Jun-25",2004-10 Ford F150 Pickup Air Flow Meter (5.4l 3v) 3L3A-12B579-BA
2008,FORD,MUSTANG,ecu ecm,1,6.9 months,$310,"Fri, 06-Jun-25",FORD 2008 MUSTANG 4.6L V8 8R3A-12A650-MB ENGINE COMPUTER CONTROL ECM PCM ECU
2008,FORD,MUSTANG,ecu ecm,76,1.1 months,$249,"Fri, 06-Jun-25",REPAIR KIT for FORD MUSTANG ENGINE COMPUTER ECM ECU PCM 2006 - 2014
2008,FORD,MUSTANG,ecu ecm,1,5.3 months,$500,"Fri, 06-Jun-25",FORD 2008 MUSTANG 4.6L V8 8R3A-12A650-ZA ENGINE COMPUTER MODULE ECM PCM ECU
2008,FORD,MUSTANG,intake manifold,1,5.1 days,$159,"Mon, 02-Jun-25",2005-2010 Ford Mustang 4.6L intake engine cover 7R3E-6A949-AD 2006 2007 2008
2008,FORD,MUSTANG,intake manifold,1,4.0 months,$75,"Fri, 30-May-25",Volant 15742 Cold Air Intake 06-08 GM Envoy Trailblazer 4.2L BOX & TUBE O NLY
2008,FORD,MUSTANG,intake manifold,1,3.9 months,$92,"Wed, 21-May-25",2005-2010 Ford Mustang Air Intake Manifold 4.0L OEM 5R3E-9424-BD
2008,FORD,MUSTANG,valve covers,1,11.2 days,$76,"Thu, 05-Jun-25",2009 Ford Mustang Valve Cover Left 4.0L V6 7H2E-6A505-AA OEM
2008,FORD,MUSTANG,valve covers,1,15.8 days,$95,"Thu, 05-Jun-25",Aluminum Valve Cover for Ford Expedition Explorer 05-10 Mustang 09-10 F-150 4.6L
2008,FORD,MUSTANG,valve covers,1,1.1 months,$76,"Sun, 01-Jun-25",Genuine Engine Valve Cover Bolts & Grommet Set of 14 Ford Lincoln Mercury 04-19
2008,FORD,MUSTANG,gauge cluster,1,24.0 days,$200,"Fri, 06-Jun-25",07-09 FORD MUSTANG 6 GAUGE CLUSTER INSTRUMENT SPEEDOMETER TACH 114K TESTED 1267
2008,FORD,MUSTANG,gauge cluster,90,,$66,"Fri, 06-Jun-25",CHEVY TRAILBLAZER Speedometer Gauge Instrument Cluster Gauge and Display Repair
2008,FORD,MUSTANG,gauge cluster,194,,$67,"Fri, 06-Jun-25",99-02 Chevy Silverado Speedometer Gauge Cluster LCD Display REPAIR Service
1999,FORD,MUSTANG,dash vents,3,,$30,"Sun, 08-Jun-25",1994-2004 FORD MUSTANG A/C HEATER DASH VENT GRAY RH Pass OEM GREY
1999,FORD,MUSTANG,dash vents,11,1.1 months,$19,"Sun, 08-Jun-25",FORD MUSTANG DASH REGISTER A/C HEATER 1 VENT AIR DUCT GRILLE LIGHT GRAY 94-04
1999,FORD,MUSTANG,dash vents,1,5.0 days,$30,"Sun, 08-Jun-25",1994-2004 Ford Mustang SN95 LIGHT GRAY Dash Air Heat A/C HVAC Vent  PAIR OEM
1999,FORD,MUSTANG,headlights,1,1.0 month,$15,"Sat, 07-Jun-25",1969 MUSTANG MACH 1 ORIGINAL IMP BROCHURE 69 COBRA JET CJ I SPECS INFO POSTER★
1999,FORD,MUSTANG,headlights,1,19.1 days,$6,"Sat, 07-Jun-25",1966 Ford Shelby Mustang GT 350H Specs Info Photo 66 350 Fastback Hertz
1999,FORD,MUSTANG,headlights,1,26.8 days,$40,"Fri, 06-Jun-25",Ford Mustang GT 2004 Front Right Passenger Headlight Light Lamp 99-04 |
1999,FORD,MUSTANG,tail lights,1,2.7 days,$66,"Fri, 06-Jun-25",1999-2004 Ford Mustang GT OEM Trunk Third Brake Light SN95 4th Gen MK4 99-04
1999,FORD,MUSTANG,tail lights,1,1.1 months,$50,"Fri, 06-Jun-25",1999-2004 Ford Mustang GT Tail Lights  OEM Ford  Original  2002
1999,FORD,MUSTANG,tail lights,1,1.1 months,"$1,200","Mon, 02-Jun-25",1999 2001 Ford Mustang COBRA Rear Tail Lights SVT 4.6L 4.6L 4V 32V Amber - 8AD
1999,FORD,MUSTANG,throttle body,8,1.1 months,$75,"Sat, 07-Jun-25",Ported 75mm 96-01 FORD EXPLORER 5.0L V8 GT40 OEM Intake Manifold ELBOW
1999,FORD,MUSTANG,throttle body,1,3.0 months,$40,"Fri, 06-Jun-25",Throttle Body Throttle Valve Assembly Gasoline Fits 98-04 CROWN VICTORIA 143188
1999,FORD,MUSTANG,throttle body,1,18.4 months,$38,"Fri, 06-Jun-25",75mm Throttle Body Direct For 1996-2004 Ford Mustang GT 4.6L SOHC GAS
1999,FORD,MUSTANG,intake manifold,8,1.1 months,$75,"Sat, 07-Jun-25",Ported 75mm 96-01 FORD EXPLORER 5.0L V8 GT40 OEM Intake Manifold ELBOW
1999,FORD,MUSTANG,intake manifold,1,1.6 months,$170,"Tue, 03-Jun-25",1999-2000 Ford Mustang V6 3.8 Lower Intake Manifold
1999,FORD,MUSTANG,intake manifold,1,23.2 days,$750,"Fri, 30-May-25",03 04 2003 2004 cobra mustang mach 1 99 1999 01 2001 intake manifold new
1999,FORD,MUSTANG,ecu ecm,288,,$200,"Thu, 05-Jun-25",Ford Mail-in REPAIR SERVICE Engine Computer ECM PCM ECU FAST
1999,FORD,MUSTANG,ecu ecm,20,,$200,"Tue, 03-Jun-25",Ford Mail-in REPAIR SERVICE Engine Computer ECM PCM ECU Repair & Return
1999,FORD,MUSTANG,ecu ecm,12,,$200,"Mon, 02-Jun-25",Ford P0135 P0141 P0155 P0161 P0403 P0443 Mail-in REPAIR SERVICE ECM PCM ECU
1999,FORD,MUSTANG,valve covers,1,17.6 months,$28,"Fri, 06-Jun-25",1999-2004 Ford Mustang 3.8L OEM LH driver side valve cover 99 00 01 02 03 04
1999,FORD,MUSTANG,valve covers,2,21.0 months,$58,"Mon, 19-May-25",1999 00 01 02 03 2004 Ford MUSTANG 3.8 V6 Valve Cover Set F75E-6583-BA  F7UE-6A5
1999,FORD,MUSTANG,valve covers,1,6.2 months,$26,"Thu, 15-May-25",4pcs Hex Fit Mustang Car Wheels Tire Air Valve Caps Stem Dust Cover Decor Silver
1999,FORD,MUSTANG,gauge cluster,1,6.4 months,$30,"Sun, 08-Jun-25",1999-04 Mustang GT 4.6 Gauge Cluster LENS Speedometer Ford OEM
1999,FORD,MUSTANG,gauge cluster,1,6.9 days,$50,"Fri, 06-Jun-25",1999-2004 Ford Mustang 120MPH Instrument Gauge Cluster XR3F-10A855-AA
1999,FORD,MUSTANG,gauge cluster,37,1.1 months,$120,"Thu, 05-Jun-25",1999-2004 Mustang GT 4.6 Gauge Cluster 150 MPH Speedometer Upgrade OEM New Edge
1997,FORD,THUNDERBIRD,headlights,1,13.1 months,$19,"Fri, 06-Jun-25",1993 - 1997 MERCURY COUGAR XR-7 Headlight Lamp Switch Control Dash Mounted OEM
1997,FORD,THUNDERBIRD,headlights,1,12.9 days,$9,"Sun, 01-Jun-25",1955 Ford Thunderbird Info Spec Feature Article 55 292 Ohv V8
1997,FORD,THUNDERBIRD,headlights,1,3.0 days,$55,"Fri, 23-May-25",1996 1997 Ford Thunderbird Mercury Cougar Driver Left Side Headlight M2454
1997,FORD,THUNDERBIRD,dash vents,1,19.2 days,$18,"Sun, 01-Jun-25",Vintage Ford Leather Key Ring key Fob Key Chain Accessory French
1997,FORD,THUNDERBIRD,dash vents,1,7.7 days,$23,"Sun, 01-Jun-25",Vintage Ford Screw Back Crest Hat Lapel Pin Accessory Logo FoMoCo Truck Hot Rod
1997,FORD,THUNDERBIRD,dash vents,1,1.4 days,$24,"Sat, 31-May-25",Vintage 1956 Ford pace Setters Club Screw Back Hat Lapel Pin Accessory
1997,FORD,THUNDERBIRD,tail lights,1,1.2 months,$100,"Thu, 05-Jun-25",Ford Thunderbird  1992-1997 LH & RH Set Taillight Conversion Gold Emblem
1997,FORD,THUNDERBIRD,tail lights,1,12.9 days,$9,"Sun, 01-Jun-25",1955 Ford Thunderbird Info Spec Feature Article 55 292 Ohv V8
1997,FORD,THUNDERBIRD,tail lights,1,10.1 months,$65,"Sun, 01-Jun-25",1996 Ford Thunderbird Passenger Right Side Tail Light Lamp OEM 1996-1997
1997,FORD,THUNDERBIRD,throttle body,1,7.0 months,$25,"Thu, 15-May-25",ST MARTINS LICENSE PLATE 1997 NICE SHAPE ST MAARTIN 412 WWY 1 1997
1997,FORD,THUNDERBIRD,throttle body,1,3.0 months,$54,"Sat, 10-May-25",Throttle Body Throttle Valve Assembly 6-232 3.8L Fits 96-98 MUSTANG 63300
1997,FORD,THUNDERBIRD,throttle body,1,2.2 months,$55,"Thu, 24-Apr-25",1998 Ford Mustang Throttle Body Throttle Valve Assembly 6-232 3.8L
1997,FORD,THUNDERBIRD,intake manifold,1,7.0 months,$25,"Thu, 15-May-25",ST MARTINS LICENSE PLATE 1997 NICE SHAPE ST MAARTIN 412 WWY 1 1997
1997,FORD,THUNDERBIRD,ecu ecm,1,8.5 months,$210,"Sat, 12-Apr-25",F6SF-12A650-DD | 1997 Ford THUNDERBIRD 4.6L PROGRAMMED ECM PCM ECU
1997,FORD,THUNDERBIRD,gauge cluster,1,7.0 months,$25,"Thu, 15-May-25",ST MARTINS LICENSE PLATE 1997 NICE SHAPE ST MAARTIN 412 WWY 1 1997
1997,FORD,THUNDERBIRD,gauge cluster,29,3.2 months,$95,"Mon, 12-May-25","INSTRUMENT CLUSTER REPAIR SERVICE FOR 1989-1997 FORD THUNDERBIRD, CROWN VICTORIA"
1997,FORD,THUNDERBIRD,gauge cluster,1,69.3 months,$100,"Wed, 23-Apr-25",1989 TO 1997 FORD CROWN VICTORIA INSTRUMENT CLUSTER REPAIR SERVICE.
1997,FORD,THUNDERBIRD,valve covers,38,2.3 months,$70,"Mon, 02-Jun-25",Valve Cover RH 4.6 V8 1994 1995 1996 1997 1998 1999 Thunderbird Cougar Town Car
1997,FORD,THUNDERBIRD,valve covers,5,17.7 months,$47,"Fri, 16-May-25",Oil Pickup Tube 4.6L 1994 1995 1996 1997 Thunderbird Cougar F4SZ-6622-B
1997,FORD,THUNDERBIRD,valve covers,2,5.1 days,$70,"Mon, 17-Mar-25",1994-2003 Ford Mercury Lincoln Valve Cover F4SE6591AA OEM Mustang Explorer
1996,FORD,THUNDERBIRD,headlights,1,13.1 months,$19,"Fri, 06-Jun-25",1993 - 1997 MERCURY COUGAR XR-7 Headlight Lamp Switch Control Dash Mounted OEM
1996,FORD,THUNDERBIRD,headlights,1,12.9 days,$9,"Sun, 01-Jun-25",1955 Ford Thunderbird Info Spec Feature Article 55 292 Ohv V8
1996,FORD,THUNDERBIRD,headlights,1,3.0 days,$55,"Fri, 23-May-25",1996 1997 Ford Thunderbird Mercury Cougar Driver Left Side Headlight M2454
1996,FORD,THUNDERBIRD,dash vents,1,19.2 days,$18,"Sun, 01-Jun-25",Vintage Ford Leather Key Ring key Fob Key Chain Accessory French
1996,FORD,THUNDERBIRD,dash vents,1,7.7 days,$23,"Sun, 01-Jun-25",Vintage Ford Screw Back Crest Hat Lapel Pin Accessory Logo FoMoCo Truck Hot Rod
1996,FORD,THUNDERBIRD,dash vents,1,1.4 days,$24,"Sat, 31-May-25",Vintage 1956 Ford pace Setters Club Screw Back Hat Lapel Pin Accessory
1996,FORD,THUNDERBIRD,tail lights,1,12.9 days,$9,"Sun, 01-Jun-25",1955 Ford Thunderbird Info Spec Feature Article 55 292 Ohv V8
1996,FORD,THUNDERBIRD,tail lights,1,10.1 months,$65,"Sun, 01-Jun-25",1996 Ford Thunderbird Passenger Right Side Tail Light Lamp OEM 1996-1997
1996,FORD,THUNDERBIRD,tail lights,1,5.1 days,$12,"Fri, 30-May-25",1955 Ford Thunderbird Feature Print Picture Poster Specs Info Article 12x21 2
1996,FORD,THUNDERBIRD,throttle body,1,3.0 months,$54,"Sat, 10-May-25",Throttle Body Throttle Valve Assembly 6-232 3.8L Fits 96-98 MUSTANG 63300
1996,FORD,THUNDERBIRD,throttle body,2,5.0 days,$70,"Sun, 04-May-25",Nice OEM 1989 1996 Jaguar XJS Gold Front Hood Bonnet Emblem Logo V-12 BAC3838
1996,FORD,THUNDERBIRD,throttle body,1,2.2 months,$55,"Thu, 24-Apr-25",1998 Ford Mustang Throttle Body Throttle Valve Assembly 6-232 3.8L
1996,FORD,THUNDERBIRD,intake manifold,2,5.0 days,$70,"Sun, 04-May-25",Nice OEM 1989 1996 Jaguar XJS Gold Front Hood Bonnet Emblem Logo V-12 BAC3838
1996,FORD,THUNDERBIRD,gauge cluster,1,5.1 days,$145,"Sat, 07-Jun-25",1994 1995 1996 Ford Thunderbird Instrument Cluster Gauge 55K Miles
1996,FORD,THUNDERBIRD,gauge cluster,1,2.9 months,$140,"Thu, 05-Jun-25",1996 Ford Thunderbird Gauge Cluster
1996,FORD,THUNDERBIRD,gauge cluster,29,3.2 months,$95,"Mon, 12-May-25","INSTRUMENT CLUSTER REPAIR SERVICE FOR 1989-1997 FORD THUNDERBIRD, CROWN VICTORIA"
1996,FORD,THUNDERBIRD,valve covers,38,2.3 months,$70,"Mon, 02-Jun-25",Valve Cover RH 4.6 V8 1994 1995 1996 1997 1998 1999 Thunderbird Cougar Town Car
1996,FORD,THUNDERBIRD,valve covers,5,17.7 months,$47,"Fri, 16-May-25",Oil Pickup Tube 4.6L 1994 1995 1996 1997 Thunderbird Cougar F4SZ-6622-B
1996,FORD,THUNDERBIRD,valve covers,2,5.1 days,$70,"Mon, 17-Mar-25",1994-2003 Ford Mercury Lincoln Valve Cover F4SE6591AA OEM Mustang Explorer
2013,FORD,MUSTANG,dash vents,1,26.5 days,$100,"Sun, 08-Jun-25",10-14 Ford Mustang Base Textured Grey Dash Trim With Vents Bezel Trim Set OEM
2013,FORD,MUSTANG,dash vents,1,1.3 months,$175,"Sun, 08-Jun-25",10-14 FORD MUSTANG BRUSHED ALUMINUM DASH TRIM KIT VENT TRIM MOLDING
2013,FORD,MUSTANG,dash vents,12,2.5 months,$60,"Fri, 06-Jun-25",✅OEM 2010-2014 Ford Mustang AIR VENTS BLACK CHROME Heater AC Dash LEFT RIGHT
2013,FORD,MUSTANG,headlights,1,2.8 months,$50,"Sun, 08-Jun-25",2013-2014 Mustang GT500 Headlight Switch OEM
2013,FORD,MUSTANG,headlights,1,1.0 month,$15,"Sat, 07-Jun-25",1969 MUSTANG MACH 1 ORIGINAL IMP BROCHURE 69 COBRA JET CJ I SPECS INFO POSTER★
2013,FORD,MUSTANG,headlights,109,,$25,"Sat, 07-Jun-25",OPEN BOX D3S Osram 66340 OEM HID Xenon Headlight Bulb DOT 42V 35W MCOD33
2013,FORD,MUSTANG,tail lights,1,8.4 days,$110,"Sun, 08-Jun-25",2013 Ford Mustang LH Silver Tail Light Assembly OEM Used 166-02565L
2013,FORD,MUSTANG,tail lights,1,5.3 days,$120,"Sun, 08-Jun-25",Ford Mustang Right Passenger Tail Light Assembly 2013 14 Used OEM Nice w Pigtail
2013,FORD,MUSTANG,tail lights,1,1.0 month,$15,"Sat, 07-Jun-25",1969 MUSTANG MACH 1 ORIGINAL IMP BROCHURE 69 COBRA JET CJ I SPECS INFO POSTER★
2013,FORD,MUSTANG,throttle body,1,1.0 month,$50,"Sat, 07-Jun-25",THROTTLE BODY FORD TAURUS 13 14 15 16 17 18 19
2013,FORD,MUSTANG,throttle body,9,1.5 months,$15,"Tue, 03-Jun-25",2006 to  2012 LINCOLN MKS Ford Flex Fusion Milan Throttle Body Wire Pigtail
2013,FORD,MUSTANG,throttle body,1,37.7 months,$54,"Tue, 03-Jun-25",13 14 15 16 17 18 19 FORD EXPLORER THROTTLE BODY OEM 3.7L
2013,FORD,MUSTANG,intake manifold,1,2.5 months,$100,"Wed, 04-Jun-25",2011-2014 Ford Mustang 3.7L Upper Intake Manifold OEM
2013,FORD,MUSTANG,intake manifold,1,6.0 months,$125,"Sun, 01-Jun-25",2013 Gen 1 Coyote Mustang 5.0 Intake Manifold Complete minus throttle body
2013,FORD,MUSTANG,intake manifold,1,1.4 days,$900,"Fri, 09-May-25",2011-2014 Mustang GT Ford Performance Cobra Jet Intake Manifold racing 2012 2013
2013,FORD,MUSTANG,ecu ecm,76,1.1 months,$249,"Fri, 06-Jun-25",REPAIR KIT for FORD MUSTANG ENGINE COMPUTER ECM ECU PCM 2006 - 2014
2013,FORD,MUSTANG,ecu ecm,288,,$200,"Thu, 05-Jun-25",Ford Mail-in REPAIR SERVICE Engine Computer ECM PCM ECU FAST
2013,FORD,MUSTANG,ecu ecm,1,8.0 months,$70,"Thu, 05-Jun-25",2013-2014 Ford Mustang Engine Computer Module ECM ECU PCM DR3A-12A650-HF
2013,FORD,MUSTANG,gauge cluster,1,20.2 days,$260,"Sun, 08-Jun-25",2013-2014 Ford Mustang Premium MyColor OEM Gauge Cluster w/ Track Apps - Tested
2013,FORD,MUSTANG,gauge cluster,1,3.8 months,$312,"Fri, 06-Jun-25",2013-2014 Ford Mustang Premium MyColor Track App Cluster Mileage Corrected!!
2013,FORD,MUSTANG,gauge cluster,2,8.0 days,$90,"Wed, 04-Jun-25","INSTRUMENT CLUSTER MILEAGE CORRECTION, ODOMETER PROGRAMMING, FOR FORD VEHICLES"
2013,FORD,MUSTANG,valve covers,1,16.0 days,$70,"Sun, 25-May-25",2004-2010 Right Valve Cover For Ford F-150 5.4 55286583FA Passenger Side
2013,FORD,MUSTANG,valve covers,1,6.2 months,$26,"Thu, 15-May-25",4pcs Hex Fit Mustang Car Wheels Tire Air Valve Caps Stem Dust Cover Decor Silver
2013,FORD,MUSTANG,valve covers,1,1.2 months,$47,"Sat, 10-May-25",2004-2008 Ford F150 F250 F350 5.4L Engine Valve Covers - Pair - Used
1997,FORD,MUSTANG,dash vents,3,,$30,"Sun, 08-Jun-25",1994-2004 FORD MUSTANG A/C HEATER DASH VENT GRAY RH Pass OEM GREY
1997,FORD,MUSTANG,dash vents,11,1.1 months,$19,"Sun, 08-Jun-25",FORD MUSTANG DASH REGISTER A/C HEATER 1 VENT AIR DUCT GRILLE LIGHT GRAY 94-04
1997,FORD,MUSTANG,dash vents,1,5.0 days,$30,"Sun, 08-Jun-25",1994-2004 Ford Mustang SN95 LIGHT GRAY Dash Air Heat A/C HVAC Vent  PAIR OEM
1997,FORD,MUSTANG,headlights,1,1.0 month,$15,"Sat, 07-Jun-25",1969 MUSTANG MACH 1 ORIGINAL IMP BROCHURE 69 COBRA JET CJ I SPECS INFO POSTER★
1997,FORD,MUSTANG,headlights,1,19.1 days,$6,"Sat, 07-Jun-25",1966 Ford Shelby Mustang GT 350H Specs Info Photo 66 350 Fastback Hertz
1997,FORD,MUSTANG,headlights,1,8.5 days,$14,"Thu, 05-Jun-25",1964 Ford Fairlane Thunderbolt Original Imp Brochure Specs Info 64 427
1997,FORD,MUSTANG,throttle body,8,1.1 months,$75,"Sat, 07-Jun-25",Ported 75mm 96-01 FORD EXPLORER 5.0L V8 GT40 OEM Intake Manifold ELBOW
1997,FORD,MUSTANG,throttle body,1,18.4 months,$38,"Fri, 06-Jun-25",75mm Throttle Body Direct For 1996-2004 Ford Mustang GT 4.6L SOHC GAS
1997,FORD,MUSTANG,throttle body,4,3.3 months,$39,"Fri, 06-Jun-25",Throttle Body 2V Fit 96-04 Ford MUSTANG GT 4.6L SOHC Direct US Stock
1997,FORD,MUSTANG,tail lights,1,34.5 months,$20,"Thu, 05-Jun-25",1994-1998 Mustang Third Brake Light Wiring - F4ZB-13A613-QA
1997,FORD,MUSTANG,tail lights,1,6.4 days,$94,"Thu, 05-Jun-25",96-98 Mustang Gt Taillights Tail Lights Pair Left & Right Aa7340
1997,FORD,MUSTANG,tail lights,1,1.6 months,$55,"Tue, 03-Jun-25",1997  1998 Ford Mustang Cobra Coupe Tail Light Wiring Rear Body Harness
1997,FORD,MUSTANG,intake manifold,8,1.1 months,$75,"Sat, 07-Jun-25",Ported 75mm 96-01 FORD EXPLORER 5.0L V8 GT40 OEM Intake Manifold ELBOW
1997,FORD,MUSTANG,intake manifold,1,13.0 days,$160,"Mon, 26-May-25",1996 1998 1997 Mustang Cobra 4.6L Intake Manifold Runner Control box IMRC 32V
1997,FORD,MUSTANG,intake manifold,1,13.6 days,$349,"Wed, 21-May-25",1996 1997 1998 96  Mustang Cobra Intake Manifold Runner Control IMRC Refurbished
1997,FORD,MUSTANG,ecu ecm,288,,$200,"Thu, 05-Jun-25",Ford Mail-in REPAIR SERVICE Engine Computer ECM PCM ECU FAST
1997,FORD,MUSTANG,ecu ecm,1,5.2 months,$28,"Thu, 05-Jun-25",1997 Ford Mustang V6 3.8L Manual ECM ECU PCU Engine Computer Module OEM.
1997,FORD,MUSTANG,ecu ecm,39,1.6 months,$155,"Wed, 04-Jun-25",Ford Mustang ECU ECM Repair & Return  Ford Mustang ECU Repair
1997,FORD,MUSTANG,gauge cluster,1,8.1 months,$180,"Sun, 08-Jun-25",1996-1998 Ford Mustang GT 150mph Instrument Gauge Cluster Speedo PARTS ONLY
1997,FORD,MUSTANG,gauge cluster,1,3.9 days,$150,"Sat, 07-Jun-25",96 97 98 Ford Mustang GT Instrument Speedometer Cluster 261K OEM
1997,FORD,MUSTANG,gauge cluster,1,18.0 days,$70,"Sat, 07-Jun-25",1994-2004 Ford Mustang Speedometer Gauge Cluster Trim Bezel BLACK w DEFROST
1997,FORD,MUSTANG,valve covers,1,6.2 months,$26,"Thu, 15-May-25",4pcs Hex Fit Mustang Car Wheels Tire Air Valve Caps Stem Dust Cover Decor Silver
1997,FORD,MUSTANG,valve covers,1,4.8 months,$30,"Wed, 07-May-25",1996 97 98 Ford Mustang GT 4.6L Intake To Valve Cover Hose Tube OEM
1997,FORD,MUSTANG,valve covers,1,29.9 days,$110,"Sat, 26-Apr-25",1996-1998 Ford Mustang GT 4.6L Passenger RH Valve Cover 11 Bolts
2006,FORD,MUSTANG,headlights,1,1.4 months,$79,"Sat, 07-Jun-25",Driver Left Headlight Halogen Fits 05-06 MUSTANG 1348869
2006,FORD,MUSTANG,headlights,1,13.1 months,$40,"Fri, 23-May-25",H13 9008 LED Headlight For Ford F150 2004-2014 F-250 F-350 Super Duty 2005-2022
2006,FORD,MUSTANG,headlights,116,,$14,"Thu, 22-May-25",OEM For Ford Lincoln Mercury Turn Signal Corner Light Bulb Lamp Socket Flasher
2006,FORD,MUSTANG,dash vents,1,6.6 days,$73,"Sun, 08-Jun-25",05 06 07 08 09 Ford Mustang AC A/C Center Dash Vents Silver Trim Bezel
2006,FORD,MUSTANG,dash vents,1,7.0 days,$37,"Fri, 06-Jun-25",Vintage AAA Dash Mount Compass Accessory in Box Chevy Ford Pontiac Mercury Mopar
2006,FORD,MUSTANG,dash vents,2,1.7 days,$21,"Fri, 06-Jun-25",FORD MUSTANG DASH REGISTER A/C HEATER 1 VENT AIR OUTLET DUCT SILVER 2005-2009
2006,FORD,MUSTANG,tail lights,1,1.0 month,$15,"Sat, 07-Jun-25",1969 MUSTANG MACH 1 ORIGINAL IMP BROCHURE 69 COBRA JET CJ I SPECS INFO POSTER★
2006,FORD,MUSTANG,tail lights,1,19.1 days,$6,"Sat, 07-Jun-25",1966 Ford Shelby Mustang GT 350H Specs Info Photo 66 350 Fastback Hertz
2006,FORD,MUSTANG,tail lights,1,8.5 days,$14,"Thu, 05-Jun-25",1964 Ford Fairlane Thunderbolt Original Imp Brochure Specs Info 64 427
2006,FORD,MUSTANG,intake manifold,1,5.1 days,$159,"Mon, 02-Jun-25",2005-2010 Ford Mustang 4.6L intake engine cover 7R3E-6A949-AD 2006 2007 2008
2006,FORD,MUSTANG,intake manifold,1,3.9 months,$92,"Wed, 21-May-25",2005-2010 Ford Mustang Air Intake Manifold 4.0L OEM 5R3E-9424-BD
2006,FORD,MUSTANG,intake manifold,1,23.3 months,$126,"Sat, 10-May-25",Intake Manifold 4.0L SOHC Fits 05-10 MUSTANG 1075916
2006,FORD,MUSTANG,ecu ecm,1,13.6 days,$350,"Sat, 07-Jun-25",2006 FORD MUSTANG 4.6L V8 M/T ENGINE COMPUTER MODULE ECU ECM PCM 6R3A-12A650-YB
2006,FORD,MUSTANG,ecu ecm,1,1.4 months,$531,"Fri, 06-Jun-25",2006 FORD MUSTANG 4.6L ECU ECM PCM ENGINE CONTROL COMPUTER 6R3A-12A650-YB TESTED
2006,FORD,MUSTANG,ecu ecm,76,1.1 months,$249,"Fri, 06-Jun-25",REPAIR KIT for FORD MUSTANG ENGINE COMPUTER ECM ECU PCM 2006 - 2014
2006,FORD,MUSTANG,throttle body,9,1.5 months,$15,"Tue, 03-Jun-25",2006 to  2012 LINCOLN MKS Ford Flex Fusion Milan Throttle Body Wire Pigtail
2006,FORD,MUSTANG,throttle body,1,1.6 months,$50,"Tue, 03-Jun-25",2006 2007 2008 FORD Mustang 4.6L Throttle Body OEM 86K miles  2006 FORD Mustang
2006,FORD,MUSTANG,throttle body,1,13.4 months,$340,"Tue, 03-Jun-25",SALE BBK Performance 1765 70mm Throttle Body For 05-10 Ford Mustang V6 4.0L
2006,FORD,MUSTANG,gauge cluster,90,,$66,"Fri, 06-Jun-25",CHEVY TRAILBLAZER Speedometer Gauge Instrument Cluster Gauge and Display Repair
2006,FORD,MUSTANG,gauge cluster,194,,$67,"Fri, 06-Jun-25",99-02 Chevy Silverado Speedometer Gauge Cluster LCD Display REPAIR Service
2006,FORD,MUSTANG,gauge cluster,65,,$70,"Thu, 05-Jun-25",2005 2006 2007 FORD MUSTANG Speedometer Instrument Panel Gauge Cluster REPAIR
2006,FORD,MUSTANG,valve covers,1,11.2 days,$76,"Thu, 05-Jun-25",2009 Ford Mustang Valve Cover Left 4.0L V6 7H2E-6A505-AA OEM
2006,FORD,MUSTANG,valve covers,1,15.8 days,$95,"Thu, 05-Jun-25",Aluminum Valve Cover for Ford Expedition Explorer 05-10 Mustang 09-10 F-150 4.6L
2006,FORD,MUSTANG,valve covers,1,1.1 months,$76,"Sun, 01-Jun-25",Genuine Engine Valve Cover Bolts & Grommet Set of 14 Ford Lincoln Mercury 04-19
2007,FORD,MUSTANG,dash vents,1,6.6 days,$73,"Sun, 08-Jun-25",05 06 07 08 09 Ford Mustang AC A/C Center Dash Vents Silver Trim Bezel
2007,FORD,MUSTANG,dash vents,1,7.0 days,$37,"Fri, 06-Jun-25",Vintage AAA Dash Mount Compass Accessory in Box Chevy Ford Pontiac Mercury Mopar
2007,FORD,MUSTANG,dash vents,2,1.7 days,$21,"Fri, 06-Jun-25",FORD MUSTANG DASH REGISTER A/C HEATER 1 VENT AIR OUTLET DUCT SILVER 2005-2009
2007,FORD,MUSTANG,headlights,2,1.4 months,$75,"Mon, 02-Jun-25",OEM Right Passenger Side Halogen Headlamp For Ford Mustang 7R3Z-13008-C
2007,FORD,MUSTANG,headlights,1,2.9 months,$379,"Fri, 23-May-25",2007 2008 2009 Ford Mustang Shelby GT500 Headlight Xenon HID RH Right Side OEM
2007,FORD,MUSTANG,headlights,1,10.1 days,$174,"Fri, 23-May-25",07-09 FORD MUSTANG SHELBY GT500 OE RH PASSENGER HEADLIGHT ASSEMBLY 8R3V-13005-BD
2007,FORD,MUSTANG,throttle body,9,1.5 months,$15,"Tue, 03-Jun-25",2006 to  2012 LINCOLN MKS Ford Flex Fusion Milan Throttle Body Wire Pigtail
2007,FORD,MUSTANG,throttle body,1,1.6 months,$50,"Tue, 03-Jun-25",2006 2007 2008 FORD Mustang 4.6L Throttle Body OEM 86K miles  2006 FORD Mustang
2007,FORD,MUSTANG,throttle body,1,13.4 months,$340,"Tue, 03-Jun-25",SALE BBK Performance 1765 70mm Throttle Body For 05-10 Ford Mustang V6 4.0L
2007,FORD,MUSTANG,tail lights,1,1.0 month,$15,"Sat, 07-Jun-25",1969 MUSTANG MACH 1 ORIGINAL IMP BROCHURE 69 COBRA JET CJ I SPECS INFO POSTER★
2007,FORD,MUSTANG,tail lights,1,19.1 days,$6,"Sat, 07-Jun-25",1966 Ford Shelby Mustang GT 350H Specs Info Photo 66 350 Fastback Hertz
2007,FORD,MUSTANG,tail lights,1,8.5 days,$14,"Thu, 05-Jun-25",1964 Ford Fairlane Thunderbolt Original Imp Brochure Specs Info 64 427
2007,FORD,MUSTANG,intake manifold,1,5.1 days,$159,"Mon, 02-Jun-25",2005-2010 Ford Mustang 4.6L intake engine cover 7R3E-6A949-AD 2006 2007 2008
2007,FORD,MUSTANG,intake manifold,1,4.0 months,$75,"Fri, 30-May-25",Volant 15742 Cold Air Intake 06-08 GM Envoy Trailblazer 4.2L BOX & TUBE O NLY
2007,FORD,MUSTANG,intake manifold,1,3.9 months,$92,"Wed, 21-May-25",2005-2010 Ford Mustang Air Intake Manifold 4.0L OEM 5R3E-9424-BD
2007,FORD,MUSTANG,ecu ecm,76,1.1 months,$249,"Fri, 06-Jun-25",REPAIR KIT for FORD MUSTANG ENGINE COMPUTER ECM ECU PCM 2006 - 2014
2007,FORD,MUSTANG,ecu ecm,288,,$200,"Thu, 05-Jun-25",Ford Mail-in REPAIR SERVICE Engine Computer ECM PCM ECU FAST
2007,FORD,MUSTANG,ecu ecm,1,1.6 months,$379,"Wed, 04-Jun-25",FORD 2007 MUSTANG 4.6L V8 7R3A-12A650-AKC ENGINE COMPUTER MODULE ECM PCM ECU
2007,FORD,MUSTANG,gauge cluster,1,24.0 days,$200,"Fri, 06-Jun-25",07-09 FORD MUSTANG 6 GAUGE CLUSTER INSTRUMENT SPEEDOMETER TACH 114K TESTED 1267
2007,FORD,MUSTANG,gauge cluster,90,,$66,"Fri, 06-Jun-25",CHEVY TRAILBLAZER Speedometer Gauge Instrument Cluster Gauge and Display Repair
2007,FORD,MUSTANG,gauge cluster,194,,$67,"Fri, 06-Jun-25",99-02 Chevy Silverado Speedometer Gauge Cluster LCD Display REPAIR Service
2007,FORD,MUSTANG,valve covers,1,0.3 days,$75,"Fri, 06-Jun-25",OEM use 2007-2014 Ford Racing Mustang SVT Shelby GT500 Coil Covers 1 Pair M6067C
2007,FORD,MUSTANG,valve covers,1,0.0 days,$85,"Thu, 05-Jun-25",Mustang 4.0 RT Valve Cover (2005-2010)
2007,FORD,MUSTANG,valve covers,1,11.2 days,$76,"Thu, 05-Jun-25",2009 Ford Mustang Valve Cover Left 4.0L V6 7H2E-6A505-AA OEM
1989,FORD,THUNDERBIRD,dash vents,1,3.3 months,$120,"Mon, 02-Jun-25",Vintage Kenworth KW Truck SEMI Truck Hood Badge Emblem Logo Used PT #170-26-G
1989,FORD,THUNDERBIRD,dash vents,1,26.4 days,$149,"Sun, 01-Jun-25",1967 1968 Cougar Ford Mustang Shelby Vent Window Glass Frame Driver Left #3
1989,FORD,THUNDERBIRD,dash vents,1,19.2 days,$18,"Sun, 01-Jun-25",Vintage Ford Leather Key Ring key Fob Key Chain Accessory French
1989,FORD,THUNDERBIRD,headlights,1,5.9 months,$75,"Sat, 07-Jun-25",1955-1960 Ford F100 Pickup Truck Headlight Switch Assembly Knob Dash F250 F350
1989,FORD,THUNDERBIRD,headlights,1,8.9 months,$40,"Tue, 03-Jun-25",LOT of Chrysler Cordoba fender Lights Orange marker Lamps Bezels chrome Housings
1989,FORD,THUNDERBIRD,headlights,1,12.9 days,$160,"Mon, 02-Jun-25",84 85 86 87 BUICK GNX GRAND NATIONAL T TYPE ALUMINUM REAR BRAKE DRUM 1255496 #1
1989,FORD,THUNDERBIRD,tail lights,1,12.9 days,$160,"Mon, 02-Jun-25",84 85 86 87 BUICK GNX GRAND NATIONAL T TYPE ALUMINUM REAR BRAKE DRUM 1255496 #1
1989,FORD,THUNDERBIRD,tail lights,1,12.9 days,$160,"Mon, 02-Jun-25",84 85 86 87 BUICK GNX GRAND NATIONAL T TYPE ALUMINUM REAR BRAKE DRUM 1255496 #2
1989,FORD,THUNDERBIRD,tail lights,1,2.0 months,$36,"Sun, 01-Jun-25",1989-91 Ford Thunderbird RH Tail Light Assembly Exc. Super Coupe; Ends
1989,FORD,THUNDERBIRD,throttle body,1,1.6 months,$50,"Mon, 02-Jun-25",Throttle Body Throttle Valve Assembly Fits 89-90 COUGAR 57041
1989,FORD,THUNDERBIRD,throttle body,2,5.0 days,$70,"Sun, 04-May-25",Nice OEM 1989 1996 Jaguar XJS Gold Front Hood Bonnet Emblem Logo V-12 BAC3838
1989,FORD,THUNDERBIRD,gauge cluster,2,4.6 months,$50,"Sat, 31-May-25",1989-1993 Ford Thunderbird Super Coupe Cougar Xr7 Cluster Anti Slosh Module OEM
1989,FORD,THUNDERBIRD,gauge cluster,29,3.2 months,$95,"Mon, 12-May-25","INSTRUMENT CLUSTER REPAIR SERVICE FOR 1989-1997 FORD THUNDERBIRD, CROWN VICTORIA"
1989,FORD,THUNDERBIRD,gauge cluster,1,2.5 months,$80,"Thu, 08-May-25",1957 Mercury Turnpike Cruiser Speedometer Cluster Assembly FUEL TEMP 57 58 MERC
1989,FORD,THUNDERBIRD,ecu ecm,1,1.2 months,$113,"Wed, 30-Apr-25",1989 Ford Thunderbird Engine Control Computer Ecu Pcm Ecm Pcu Oem YGUX2
1989,FORD,THUNDERBIRD,intake manifold,1,0.0 days,$60,"Tue, 03-Jun-25",86-93 Ford Mustang 5.0 L  HO EFI Lower Intake Manifold V8 Fuel Injection SBF
1989,FORD,THUNDERBIRD,intake manifold,1,6.7 days,$60,"Tue, 03-Jun-25",86-93 Ford Mustang 5.0 L  HO EFI Lower Intake Manifold V8 Fuel Injection SBF
1989,FORD,THUNDERBIRD,intake manifold,1,12.9 days,$160,"Mon, 02-Jun-25",84 85 86 87 BUICK GNX GRAND NATIONAL T TYPE ALUMINUM REAR BRAKE DRUM 1255496 #1
1989,FORD,THUNDERBIRD,valve covers,1,3.3 months,$120,"Mon, 02-Jun-25",Vintage Kenworth KW Truck SEMI Truck Hood Badge Emblem Logo Used PT #170-26-G
1989,FORD,THUNDERBIRD,valve covers,1,1.3 months,$150,"Tue, 20-May-25",1949-1953 CADILLAC FLYWHEEL 331CI FOR HYDRAMATIC AUTOMATIC TRANSMISSION USED OEM
1989,FORD,THUNDERBIRD,valve covers,1,24.0 days,$199,"Mon, 05-May-25","1966 Cadillac Deville, Fleetwood, Calais, Eldorado Used Tail light with harness"
2003,FORD,MUSTANG,dash vents,1,7.4 months,$125,"Sun, 08-Jun-25",Ford Mustang GT Center Dash Air Vent SN95 4th Gen MK4 99-04 OEM 3R33-6304302-AB
2003,FORD,MUSTANG,dash vents,3,,$30,"Sun, 08-Jun-25",1994-2004 FORD MUSTANG A/C HEATER DASH VENT GRAY RH Pass OEM GREY
2003,FORD,MUSTANG,dash vents,11,1.1 months,$19,"Sun, 08-Jun-25",FORD MUSTANG DASH REGISTER A/C HEATER 1 VENT AIR DUCT GRILLE LIGHT GRAY 94-04
2003,FORD,MUSTANG,headlights,1,26.8 days,$40,"Fri, 06-Jun-25",Ford Mustang GT 2004 Front Right Passenger Headlight Light Lamp 99-04 |
2003,FORD,MUSTANG,headlights,1,5.9 days,$50,"Tue, 03-Jun-25",For 1999-2004 Ford Mustang SVT Black Headlights Assembly Amber Corner Lamps Set
2003,FORD,MUSTANG,headlights,1,21.4 days,$99,"Mon, 02-Jun-25",Driver Left Headlight Fits 01-04 MUSTANG 206993
2003,FORD,MUSTANG,tail lights,1,28.4 days,$13,"Mon, 09-Jun-25",1999 Ford SVT Lightning Original Imp Brochure Specs Info 99 00 01 02 03 F150
2003,FORD,MUSTANG,tail lights,1,1.0 month,$15,"Sat, 07-Jun-25",1969 MUSTANG MACH 1 ORIGINAL IMP BROCHURE 69 COBRA JET CJ I SPECS INFO POSTER★
2003,FORD,MUSTANG,tail lights,1,19.1 days,$6,"Sat, 07-Jun-25",1966 Ford Shelby Mustang GT 350H Specs Info Photo 66 350 Fastback Hertz
2003,FORD,MUSTANG,throttle body,1,20.7 months,$15,"Sat, 07-Jun-25",2001 - 2007 FORD ESCAPE 3.0L Mass Air Flow Meter Sensor Maf OEM
2003,FORD,MUSTANG,throttle body,1,15.5 months,$107,"Fri, 06-Jun-25",Genuine Throttle Body 2R3U-BA F8ZU-AF F8ZU-AE for 1998-2004 Ford Lincoln Mercury
2003,FORD,MUSTANG,throttle body,1,18.4 months,$38,"Fri, 06-Jun-25",75mm Throttle Body Direct For 1996-2004 Ford Mustang GT 4.6L SOHC GAS
2003,FORD,MUSTANG,intake manifold,1,2.7 days,$863,"Sun, 01-Jun-25",2003 - 2004 MUSTANG COBRA LOWER INTAKE MANIFOLD & BOLTS OEM SKU# i37
2003,FORD,MUSTANG,intake manifold,1,23.2 days,$750,"Fri, 30-May-25",03 04 2003 2004 cobra mustang mach 1 99 1999 01 2001 intake manifold new
2003,FORD,MUSTANG,intake manifold,1,24.9 months,$360,"Mon, 26-May-25",2003 - 2004 MUSTANG 4.6 SVT COBRA AIR CLEANER INTAKE SCT BIG AIR SKU# E462
2003,FORD,MUSTANG,ecu ecm,288,,$200,"Thu, 05-Jun-25",Ford Mail-in REPAIR SERVICE Engine Computer ECM PCM ECU FAST
2003,FORD,MUSTANG,ecu ecm,39,1.6 months,$155,"Wed, 04-Jun-25",Ford Mustang ECU ECM Repair & Return  Ford Mustang ECU Repair
2003,FORD,MUSTANG,ecu ecm,20,,$200,"Tue, 03-Jun-25",Ford Mail-in REPAIR SERVICE Engine Computer ECM PCM ECU Repair & Return
2003,FORD,MUSTANG,valve covers,1,17.6 months,$28,"Fri, 06-Jun-25",1999-2004 Ford Mustang 3.8L OEM LH driver side valve cover 99 00 01 02 03 04
2003,FORD,MUSTANG,valve covers,1,7.3 days,$120,"Mon, 26-May-25",2002-2004 FORD F-150 LEFT SIDE ENGINE VALVE COVER 2C2Z-6582-CB OEM
2003,FORD,MUSTANG,valve covers,2,21.0 months,$58,"Mon, 19-May-25",1999 00 01 02 03 2004 Ford MUSTANG 3.8 V6 Valve Cover Set F75E-6583-BA  F7UE-6A5
2003,FORD,MUSTANG,gauge cluster,1,18.0 days,$70,"Sat, 07-Jun-25",1994-2004 Ford Mustang Speedometer Gauge Cluster Trim Bezel BLACK w DEFROST
2003,FORD,MUSTANG,gauge cluster,1,16.3 days,$76,"Fri, 06-Jun-25",94-04 Ford Mustang Speedometer Gauge Cluster Trim Bezel GRAY w DEFROST Read
2003,FORD,MUSTANG,gauge cluster,37,1.1 months,$120,"Thu, 05-Jun-25",1999-2004 Mustang GT 4.6 Gauge Cluster 150 MPH Speedometer Upgrade OEM New Edge
2012,FORD,MUSTANG,dash vents,1,26.5 days,$100,"Sun, 08-Jun-25",10-14 Ford Mustang Base Textured Grey Dash Trim With Vents Bezel Trim Set OEM
2012,FORD,MUSTANG,dash vents,1,1.3 months,$175,"Sun, 08-Jun-25",10-14 FORD MUSTANG BRUSHED ALUMINUM DASH TRIM KIT VENT TRIM MOLDING
2012,FORD,MUSTANG,dash vents,12,2.5 months,$60,"Fri, 06-Jun-25",✅OEM 2010-2014 Ford Mustang AIR VENTS BLACK CHROME Heater AC Dash LEFT RIGHT
2012,FORD,MUSTANG,headlights,1,2.1 months,$20,"Fri, 06-Jun-25",07-15 MKX PASSENGER RIGHT FRONT FOG LIGHT LAMP OEM 3954-19
2012,FORD,MUSTANG,headlights,1,1.7 months,$400,"Tue, 03-Jun-25",2010 2011 2012 FORD MUSTANG GT LEFT DRIVER HID HEADLIGHT COMPLETE OEM
2012,FORD,MUSTANG,headlights,1,1.7 months,$400,"Tue, 03-Jun-25",2010 2011 2012 FORD MUSTANG GT RIGHT PASSENGER HID HEADLIGHT COMPLETE OEM
2012,FORD,MUSTANG,tail lights,1,28.4 days,$13,"Mon, 09-Jun-25",1999 Ford SVT Lightning Original Imp Brochure Specs Info 99 00 01 02 03 F150
2012,FORD,MUSTANG,tail lights,1,8.4 days,$110,"Sun, 08-Jun-25",2013 Ford Mustang LH Silver Tail Light Assembly OEM Used 166-02565L
2012,FORD,MUSTANG,tail lights,1,1.0 month,$15,"Sat, 07-Jun-25",1969 MUSTANG MACH 1 ORIGINAL IMP BROCHURE 69 COBRA JET CJ I SPECS INFO POSTER★
2012,FORD,MUSTANG,ecu ecm,76,1.1 months,$249,"Fri, 06-Jun-25",REPAIR KIT for FORD MUSTANG ENGINE COMPUTER ECM ECU PCM 2006 - 2014
2012,FORD,MUSTANG,ecu ecm,288,,$200,"Thu, 05-Jun-25",Ford Mail-in REPAIR SERVICE Engine Computer ECM PCM ECU FAST
2012,FORD,MUSTANG,ecu ecm,20,,$200,"Tue, 03-Jun-25",Ford Mail-in REPAIR SERVICE Engine Computer ECM PCM ECU Repair & Return
2012,FORD,MUSTANG,intake manifold,1,2.5 months,$100,"Wed, 04-Jun-25",2011-2014 Ford Mustang 3.7L Upper Intake Manifold OEM
2012,FORD,MUSTANG,intake manifold,1,4.0 months,$75,"Fri, 30-May-25",Volant 15742 Cold Air Intake 06-08 GM Envoy Trailblazer 4.2L BOX & TUBE O NLY
2012,FORD,MUSTANG,intake manifold,1,1.4 days,$900,"Fri, 09-May-25",2011-2014 Mustang GT Ford Performance Cobra Jet Intake Manifold racing 2012 2013
2012,FORD,MUSTANG,throttle body,1,1.0 month,$50,"Sat, 07-Jun-25",THROTTLE BODY FORD TAURUS 13 14 15 16 17 18 19
2012,FORD,MUSTANG,throttle body,9,1.5 months,$15,"Tue, 03-Jun-25",2006 to  2012 LINCOLN MKS Ford Flex Fusion Milan Throttle Body Wire Pigtail
2012,FORD,MUSTANG,throttle body,1,37.7 months,$54,"Tue, 03-Jun-25",13 14 15 16 17 18 19 FORD EXPLORER THROTTLE BODY OEM 3.7L
2012,FORD,MUSTANG,gauge cluster,1,4.5 months,$99,"Sun, 08-Jun-25",Speedometer MPH 6 Gauge Cluster Fits 12 MUSTANG 867352
2012,FORD,MUSTANG,gauge cluster,1,5.4 months,$75,"Fri, 06-Jun-25","2012 Ford Mustang Speedometer Instrument Dash Cluster, 118,000 Miles"
2012,FORD,MUSTANG,gauge cluster,2,8.0 days,$90,"Wed, 04-Jun-25","INSTRUMENT CLUSTER MILEAGE CORRECTION, ODOMETER PROGRAMMING, FOR FORD VEHICLES"
2012,FORD,MUSTANG,valve covers,1,16.0 days,$70,"Sun, 25-May-25",2004-2010 Right Valve Cover For Ford F-150 5.4 55286583FA Passenger Side
2012,FORD,MUSTANG,valve covers,1,6.2 months,$26,"Thu, 15-May-25",4pcs Hex Fit Mustang Car Wheels Tire Air Valve Caps Stem Dust Cover Decor Silver
2012,FORD,MUSTANG,valve covers,1,1.2 months,$47,"Sat, 10-May-25",2004-2008 Ford F150 F250 F350 5.4L Engine Valve Covers - Pair - Used
1994,FORD,THUNDERBIRD,dash vents,1,19.2 days,$18,"Sun, 01-Jun-25",Vintage Ford Leather Key Ring key Fob Key Chain Accessory French
1994,FORD,THUNDERBIRD,dash vents,1,7.7 days,$23,"Sun, 01-Jun-25",Vintage Ford Screw Back Crest Hat Lapel Pin Accessory Logo FoMoCo Truck Hot Rod
1994,FORD,THUNDERBIRD,dash vents,1,1.4 days,$24,"Sat, 31-May-25",Vintage 1956 Ford pace Setters Club Screw Back Hat Lapel Pin Accessory
1994,FORD,THUNDERBIRD,tail lights,1,1.5 days,$52,"Sun, 08-Jun-25",1992 to 1995 Ford Thunderbird Right Passenger Inner Tail Light N4101 OEM DG
1994,FORD,THUNDERBIRD,tail lights,1,13.5 days,$70,"Thu, 05-Jun-25",1992 to 1995 Ford Thunderbird Left Driver Lh Tail Light M9337 OEM DG
1994,FORD,THUNDERBIRD,tail lights,1,12.9 days,$9,"Sun, 01-Jun-25",1955 Ford Thunderbird Info Spec Feature Article 55 292 Ohv V8
1994,FORD,THUNDERBIRD,headlights,1,13.1 months,$19,"Fri, 06-Jun-25",1993 - 1997 MERCURY COUGAR XR-7 Headlight Lamp Switch Control Dash Mounted OEM
1994,FORD,THUNDERBIRD,headlights,1,12.9 days,$9,"Sun, 01-Jun-25",1955 Ford Thunderbird Info Spec Feature Article 55 292 Ohv V8
1994,FORD,THUNDERBIRD,headlights,30,2.9 months,$80,"Fri, 23-May-25",Eaton M90 Supercharger Top 1989-1995 Thunderbird SC 3.8L Cougar XR7
1994,FORD,THUNDERBIRD,throttle body,1,3.2 months,$45,"Fri, 30-May-25",Used Fuel Injection Throttle Body fits: 1995 Mercury Grand marquis Throttle Valv
1994,FORD,THUNDERBIRD,throttle body,1,10.6 months,$59,"Wed, 23-Apr-25",Throttle Body Throttle Valve Assembly 6-232 3.8L Fits 94-95 COUGAR 595733
1994,FORD,THUNDERBIRD,throttle body,1,2.7 months,$264,"Tue, 15-Apr-25",BBK Performance 90-03 4.6L 5.4L F150 / EXPEDITION 75mm THROTTLE BODY (1703) NEW
1994,FORD,THUNDERBIRD,intake manifold,2,44.5 months,$20,"Sat, 17-May-25",Inlet Plenum Connecting Hose 1989 90 91 92 93 94 1995 Thunderbird SC 3.8L
1994,FORD,THUNDERBIRD,intake manifold,1,15.7 days,$100,"Sat, 17-May-25",3.8L 89 90 91 92 93 94 FORD THUNDERBIRD Supercharger Intake Manifold Inlet Pipe
1994,FORD,THUNDERBIRD,intake manifold,1,3.2 months,$115,"Tue, 22-Apr-25",1994 1995 Ford Mustang Cougar TBird V6 3.8L Lower Intake Manifold F4SE-9K461-EA
1994,FORD,THUNDERBIRD,valve covers,38,2.3 months,$70,"Mon, 02-Jun-25",Valve Cover RH 4.6 V8 1994 1995 1996 1997 1998 1999 Thunderbird Cougar Town Car
1994,FORD,THUNDERBIRD,valve covers,5,17.7 months,$47,"Fri, 16-May-25",Oil Pickup Tube 4.6L 1994 1995 1996 1997 Thunderbird Cougar F4SZ-6622-B
1994,FORD,THUNDERBIRD,valve covers,1,18.0 days,$65,"Thu, 24-Apr-25",1994-97 Ford Thunderbird 4.6 OEM Valve Cover
1994,FORD,THUNDERBIRD,gauge cluster,1,5.1 days,$145,"Sat, 07-Jun-25",1994 1995 1996 Ford Thunderbird Instrument Cluster Gauge 55K Miles
1994,FORD,THUNDERBIRD,gauge cluster,1,29.1 days,$140,"Fri, 06-Jun-25",1993-1995 Ford Thunderbird Mercury Cougar Speedometer Gauge Cluster M6573
1994,FORD,THUNDERBIRD,gauge cluster,1,4.1 days,$100,"Fri, 30-May-25",1994-96 Ford Thunderbird Mercury Cougar Speedometer Instrument Cluster
